invoice_no,supplier_id,dept_id,invoice_date,received_date,due_date,amount_myr,status,approved_date,paid_date
INV-26030,S014,D04,2026-06-29,2026-06-29,2026-07-29,536.45,Paid,2026-07-01,2026-07-04
INV-27021,S004,D03,2026-09-11,2026-09-17,2026-10-26,2229.68,Approved,2026-09-19,
INV-26769,S005,D03,2026-09-20,2026-09-21,2026-10-20,16879.47,Approved,2026-09-23,
INV-27323,S009,D05,2026-02-22,2026-02-25,2026-03-24,58781.08,Paid,2026-03-10,2026-03-21
INV-26272,S013,D06,2026-04-28,2026-04-29,2026-05-28,8955.62,Paid,2026-05-01,2026-05-18
INV-26129,S001,D03,28/06/2026,2026-06-28,2026-07-28,2408.98,Paid,2026-07-01,2026-07-11
INV-27281,S002,D04,2026-09-16,2026-09-20,2026-10-16,2684.94,Approved,2026-09-23,
INV-27409,S009,D05,03/09/2026,2026-09-03,2026-10-03,59100.14,Approved,2026-09-11,
INV-26032,S006,D06,2026-03-28,2026-03-28,2026-04-27,7325.56,Paid,2026-03-30,2026-04-13
INV-27078,S007,D02,2026-07-29,2026-08-02,2026-08-12,1294.9,On Hold,,
INV-27063,S013,D06,2026-02-24,2026-02-24,2026-03-26,3518.87,Paid,2026-02-28,2026-03-02
INV-27334,S002,D04,2026-07-17,2026-07-17,2026-08-16,8034.48,Paid,2026-07-19,2026-08-21
INV-26950,S003,D04,2026-07-08,2026-07-09,2026-08-07,4697.49,Paid,2026-07-10,2026-08-08
INV-26594,S002,D04,2026-02-23,2026-02-23,2026-03-25,4744.23,Paid,2026-02-25,2026-03-22
INV-27398,S006,D06,2026-04-22,2026-04-22,2026-05-22,11528.69,Paid,2026-04-26,2026-05-05
INV-27278,S008,D05,2026-08-29,2026-09-03,2026-10-28,33370.19,Approved,2026-09-12,
INV-26069,S003,D04,2026-08-25,2026-08-31,2026-09-24,5120.76,Approved,2026-09-06,
INV-27061,S003,D04,29/05/2026,2026-05-30,2026-06-28,588.31,Paid,2026-06-03,2026-06-21
INV-26971,S001,,2026-08-25,2026-08-29,2026-09-24,385.71,Paid,2026-08-31,2026-09-09
INV-26385,S002,D04,2026-03-31,2026-04-02,2026-04-30,6027.73,Paid,2026-04-04,2026-05-14
INV-27501,S004,D03,2026-04-30,2026-05-03,2026-06-14,44720.04,Paid,2026-05-04,2026-05-24
INV-27216,S015,D02,2026-06-13,2026-06-18,2026-07-13,4898.88,Paid,2026-06-20,2026-07-07
INV-27138,S015,D02,29/08/2026,2026-09-04,2026-09-28,3265.3,Paid,2026-09-06,2026-09-24
INV-27564,S014,D02,2026-08-01,2026-08-05,2026-08-31,6718.06,Paid,2026-08-09,2026-08-17
INV-26913,S009,D05,2026-02-07,2026-02-13,2026-03-09,3741.3,Rejected,,
INV-26651,S006,D06,2026-02-08,2026-02-14,2026-03-10,657.07,Paid,2026-02-17,2026-02-27
INV-27514,S013,D06,22/02/2026,2026-02-28,2026-03-24,6425.41,Paid,2026-03-02,2026-03-19
INV-27167,S013,D06,2026-04-28,2026-05-03,2026-05-28,7868.16,Paid,2026-05-04,2026-05-16
INV-26084,S001,D05,2026-07-08,2026-07-10,2026-08-07,1539.97,Paid,2026-07-12,2026-07-17
INV-26700,S005,D03,2026-01-18,2026-01-18,2026-02-17,35901.73,Paid,2026-01-21,2026-01-26
INV-27461,S008,D05,2026-09-19,2026-09-21,2026-11-18,48813.17,Pending Approval,,
INV-26724,S009,D05,05/02/2026,2026-02-11,2026-03-07,3978.16,Rejected,,
INV-26254,S005,D03,2026-09-11,2026-09-13,2026-10-11,17654.42,Paid,2026-09-17,2026-09-23
INV-26489,S012,D01,2026-07-28,2026-07-28,2026-09-11,13867.63,Paid,2026-07-30,2026-08-19
INV-26579,S002,D04,2026-08-04,2026-08-04,2026-09-03,6529.13,Paid,2026-08-06,2026-09-07
INV-26972,S012,D01,2026-01-25,2026-01-26,2026-03-11,27593.53,Paid,2026-01-27,2026-02-07
INV-26879,S005,D03,2026-07-26,2026-07-30,2026-08-25,26216.81,Paid,2026-08-02,2026-08-20
INV-26891,S007,D04,2026-04-14,2026-04-18,2026-04-28,"RM 2,396.23",Paid,2026-04-21,2026-05-05
INV-26832,S006,D06,2026-07-21,2026-07-27,2026-08-20,1913.18,Paid,2026-07-30,2026-08-13
INV-26171,S014,D05,2026-03-15,2026-03-17,2026-04-14,5965.96,Paid,2026-04-02,2026-04-11
INV-26737,S011,D01,2026-07-06,2026-07-09,2026-08-05,33736.24,Paid,2026-07-10,2026-07-30
INV-26321,S001,D06,2026-06-12,2026-06-17,2026-07-12,1281.2,Paid,2026-06-17,2026-06-21
INV-26278,S007,D05,2026-04-07,2026-04-13,2026-04-21,1871.88,Paid,2026-05-01,2026-05-11
INV-26449,S010,D06,2026-01-17,2026-01-17,2026-01-31,5217.92,Paid,2026-01-21,2026-02-06
INV-27481,S002,D04,2026-01-11,2026-01-17,2026-02-10,6232.21,Paid,2026-01-17,2026-02-18
INV-26570,S014,D02,2026-06-13,2026-06-13,2026-07-13,7543.12,Rejected,,
INV-26820,S014,D05,2026-02-10,2026-02-15,2026-03-12,3640.42,Paid,2026-02-22,2026-03-08
INV-27023,S004,D03,2026-05-02,2026-05-02,2026-06-16,8868.46,Paid,2026-05-05,2026-05-10
INV-26359,S005,D03,2026-04-23,2026-04-24,2026-05-23,19437.1,Paid,2026-04-27,2026-05-07
INV-26681,S002,D04,2026-09-20,2026-09-21,2026-10-20,4957.33,Approved,2026-09-22,
INV-26114,S003,D04,2026-06-14,2026-06-18,2026-07-14,7206.08,Rejected,,
INV-26706,S015,D02,2026-04-02,2026-04-08,2026-05-02,1936.8,Paid,2026-04-11,2026-04-24
INV-27324,S007,D04,2026-03-18,2026-03-22,2026-04-01,1292.82,Paid,2026-03-27,2026-04-09
INV-26568,S014,D02,2026-01-08,2026-01-11,2026-02-07,4663.84,Paid,2026-01-15,2026-01-25
INV-26665,S006,D06,14/03/2026,2026-03-16,2026-04-13,6717.09,Paid,2026-03-21,2026-03-25
INV-27119,S001,D04,2026-09-24,2026-09-25,2026-10-24,406.34,Rejected,,
INV-27011,S013,D06,2026-08-14,2026-08-20,2026-09-13,546.23,Paid,2026-08-23,2026-09-07
INV-27197,S002,D04,17/05/2026,2026-05-19,2026-06-16,472.15,Paid,2026-05-22,2026-07-06
INV-26758,S002,D04,16/01/2026,2026-01-19,2026-02-15,6366.57,Rejected,,
INV-27264,S009,D05,2026-01-26,2026-01-26,2026-02-25,3161.86,Paid,2026-02-02,2026-02-12
INV-26943,S014,D04,2026-04-24,2026-04-24,2026-05-24,3433.23,Paid,2026-04-28,2026-05-12
INV-26670,S006,D06,31/05/2026,2026-06-03,2026-06-30,3482.65,Paid,2026-06-05,2026-06-18
INV-26743,S012,D01,05/06/2026,2026-06-06,2026-07-20,14122.34,Paid,2026-06-06,2026-06-17
INV-27183,S001,D05,2026-02-23,2026-02-24,2026-03-25,1779.63,Paid,2026-02-25,2026-03-08
INV-26584,S009,D05,27/05/2026,2026-05-27,2026-06-26,5134.83,Paid,2026-06-11,2026-06-18
INV-26936,S003,D04,2026-06-29,2026-07-01,2026-07-29,8060.75,Paid,2026-07-05,2026-07-31
INV-27360,S005,D03,2026-07-11,2026-07-12,2026-08-10,26927.6,Paid,2026-07-16,2026-07-28
INV-27291,S001,D02,2026-04-01,2026-04-02,2026-05-01,1981.25,Paid,2026-04-04,2026-04-22
INV-27010,S004,D03,14/08/2026,2026-08-20,2026-09-28,6331.22,Paid,2026-08-22,2026-09-10
INV-27130,S001,D04,2026-08-04,2026-08-04,2026-09-03,1066.78,Paid,2026-08-06,2026-08-23
INV-26019,S006,D06,2026-03-21,2026-03-24,2026-04-20,10579.32,Paid,2026-03-26,2026-04-12
INV-27313,S004,D03,2026-02-12,2026-02-13,2026-03-29,5411.4,Paid,2026-02-19,2026-03-06
INV-27390,S010,D06,2026-07-08,2026-07-13,2026-07-22,2039.92,Paid,2026-07-13,2026-07-22
INV-26585,S010,D06,2026-08-27,2026-09-01,2026-09-10,"RM 3,141.35",Rejected,,
INV-26923,S006,D06,2026-05-25,2026-05-31,2026-06-24,9862.32,Paid,2026-06-02,2026-06-22
INV-27446,S004,D03,2026-08-13,2026-08-14,2026-09-27,"RM 29,231.31",Paid,2026-08-18,2026-08-25
INV-26482,S006,D06,06/01/2026,2026-01-06,2026-02-05,4963.74,Paid,2026-01-07,2026-01-16
INV-26558,S002,D04,2026-08-29,2026-09-01,2026-09-28,4431.86,Approved,2026-09-03,
INV-26912,S011,D01,2026-08-26,2026-09-01,2026-09-25,14462.09,Paid,2026-09-02,2026-09-19
INV-26911,S005,D03,2026-06-23,2026-06-27,2026-07-23,42385.01,Paid,2026-06-29,2026-07-17
INV-26822,S014,D04,2026-09-08,2026-09-08,2026-10-08,2667.63,Paid,2026-09-11,2026-09-18
INV-26508,S012,D01,2026-04-30,2026-05-06,2026-06-14,7118.56,Paid,2026-05-06,2026-05-24
INV-27003,S015,D02,2026-02-03,2026-02-09,2026-03-05,10920.15,Paid,2026-02-12,2026-02-14
INV-26726,S011,D01,2026-09-09,2026-09-14,2026-10-09,23808.19,Paid,2026-09-15,2026-09-24
INV-26220,S001,D02,2026-01-03,2026-01-05,2026-02-02,221.01,Paid,2026-01-08,2026-01-23
INV-27241,S011,D01,2026-03-08,2026-03-08,2026-04-07,20276.97,Paid,2026-03-10,2026-03-19
INV-26419,S006,D06,2026-05-08,2026-05-09,2026-06-07,11869.7,Paid,2026-05-13,2026-05-28
INV-26062,S007,D02,2026-06-22,2026-06-26,2026-07-06,3468.74,Paid,2026-06-28,2026-06-30
INV-27217,S001,D05,2026-06-30,2026-07-01,2026-07-30,2249.15,Paid,2026-07-23,2026-08-06
INV-26522,S014,D02,2026-02-28,2026-03-05,2026-03-30,3134.5,Paid,2026-03-10,2026-03-26
INV-26593,S007,D04,2026-09-24,2026-09-26,2026-10-08,"RM 3,154.86",Rejected,,
INV-26486,S011,,2026-05-26,2026-05-31,2026-06-25,23210.04,Paid,2026-06-03,2026-06-23
INV-27536,S015,D02,2026-08-27,2026-08-28,2026-09-26,"RM 12,343.89",Paid,2026-08-30,2026-09-18
INV-26455,S013,D06,2026-09-05,2026-09-09,2026-10-05,2861.97,Paid,2026-09-12,2026-09-25
INV-26380,S015,D02,2026-02-23,2026-02-28,2026-03-25,11635.99,Paid,2026-03-01,2026-03-15
INV-26404,S005,D03,2026-05-09,2026-05-14,2026-06-08,30998.79,Paid,2026-05-16,2026-06-02
INV-27320,S008,D05,2026-01-13,2026-01-14,2026-03-14,20373.38,Paid,2026-01-31,2026-02-03
INV-26628,S005,D03,2026-07-18,2026-07-20,2026-08-17,32620.77,Paid,2026-07-23,2026-08-01
INV-26089,S007,D05,2026-01-28,2026-01-28,2026-02-11,1117.32,Paid,2026-01-31,2026-02-20
INV-26610,S004,D03,2026-08-04,2026-08-09,2026-09-18,17573.17,Paid,2026-08-09,2026-08-24
INV-27196,S012,D01,2026-03-30,2026-04-03,2026-05-14,17681.35,Paid,2026-04-05,2026-04-12
INV-26311,S009,D05,01/01/2026,2026-01-07,2026-01-31,"RM 58,342.15",Paid,2026-01-20,2026-02-08
INV-26439,S011,D01,2026-02-21,2026-02-25,2026-03-23,18416.17,Paid,2026-02-25,2026-03-02
INV-27033,S002,D04,2026-03-25,2026-03-26,2026-04-24,4878.73,Paid,2026-03-30,2026-05-07
INV-27383,S015,D02,2026-02-22,2026-02-25,2026-03-24,2489.96,Paid,2026-02-27,2026-03-03
INV-26064,S011,D01,2026-06-28,2026-07-03,2026-07-28,22805.41,Paid,2026-07-03,2026-07-14
INV-26557,S003,D04,2026-05-28,2026-06-03,2026-06-27,412.48,Paid,2026-06-07,2026-07-07
INV-26770,S007,D04,19/05/2026,2026-05-21,2026-06-02,3815.06,Paid,2026-05-23,2026-06-03
INV-27059,S004,D03,17/02/2026,2026-02-17,2026-04-03,35225.68,Paid,2026-02-20,2026-02-22
INV-26077,S011,D01,2026-04-16,2026-04-19,2026-05-16,32591.01,Paid,2026-04-22,2026-05-10
INV-26525,S006,D06,2026-02-28,2026-02-28,2026-03-30,11546.37,Paid,2026-03-01,2026-03-14
INV-26031,S012,D01,2026-08-08,2026-08-08,2026-09-22,21174.36,Paid,2026-08-10,2026-08-17
INV-27132,S012,D01,2026-03-31,2026-03-31,2026-05-15,7989.23,Paid,2026-04-02,2026-04-07
INV-26316,S015,D02,03/03/2026,2026-03-06,2026-04-02,2018.67,Paid,2026-03-06,2026-03-22
INV-27315,S010,D06,2026-08-19,2026-08-19,2026-09-02,5180.86,Paid,2026-08-22,2026-09-04
INV-27221,S010,,2026-08-21,2026-08-26,2026-09-04,5351.95,Paid,2026-08-29,2026-09-18
INV-26886,S011,D01,2026-01-08,2026-01-13,2026-02-07,18810.29,Paid,2026-01-14,2026-01-23
INV-26664,S014,D05,2026-04-05,2026-04-11,2026-05-05,6174.93,Paid,2026-04-20,2026-04-25
INV-27497,S005,D03,2026-04-18,2026-04-20,2026-05-18,41499.9,Paid,2026-04-23,2026-05-03
INV-26659,S013,D06,2026-04-29,2026-05-03,2026-05-29,"RM 11,268.04",Paid,2026-05-04,2026-05-11
INV-27224,S008,D05,2026-08-08,2026-08-14,2026-10-07,27654.8,Paid,2026-08-15,2026-08-25
INV-27322,S005,D03,2026-07-23,2026-07-27,2026-08-22,42258.57,Paid,2026-08-01,2026-08-20
INV-26510,S006,D06,2026-04-29,2026-04-29,2026-05-29,7094.83,Paid,2026-05-02,2026-05-10
INV-26463,S005,D03,2026-09-15,2026-09-16,2026-10-15,25512.58,Paid,2026-09-19,2026-09-23
INV-26954,S009,D05,07/09/2026,2026-09-09,2026-10-07,20674.99,Paid,2026-09-09,2026-09-22
INV-26616,S002,D04,2026-04-30,2026-05-02,2026-05-30,1703.38,Paid,2026-05-08,2026-05-30
INV-26073,S009,D05,2026-08-16,2026-08-19,2026-09-15,22414.96,Paid,2026-08-22,2026-09-08
INV-26668,S007,D04,2026-07-21,2026-07-25,2026-08-04,3833.34,Paid,2026-07-27,2026-08-15
INV-26113,S003,D04,2026-06-29,2026-06-30,2026-07-29,6834.78,Paid,2026-07-06,2026-08-06
INV-26691,S006,D06,2026-04-29,2026-05-03,2026-05-29,6360.87,Paid,2026-05-07,2026-05-09
INV-26639,S002,D04,2026-09-15,2026-09-17,2026-10-15,6606.19,Approved,2026-09-17,
INV-26698,S003,D04,2026-02-24,2026-02-28,2026-03-26,5390.59,On Hold,,
INV-26591,S013,D06,2026-02-07,2026-02-12,2026-03-09,9219.07,Paid,2026-02-14,2026-02-16
INV-26797,S015,D02,2026-09-20,2026-09-22,2026-10-20,3571.66,Pending Approval,,
INV-26165,S015,D02,2026-04-27,2026-04-30,2026-05-27,2758.37,Paid,2026-05-01,2026-05-06
INV-27174,S004,D03,2026-01-04,2026-01-10,2026-02-18,30243.25,Paid,2026-01-14,2026-01-28
INV-27229,S005,D03,2026-07-21,2026-07-26,2026-08-20,18409.89,Paid,2026-07-28,2026-08-15
INV-26208,S003,D04,2026-03-18,2026-03-21,2026-04-17,6347.34,Rejected,,
INV-26314,S004,D03,2026-07-12,2026-07-18,2026-08-26,9291.21,Paid,2026-07-24,2026-08-07
INV-26058,S015,D02,2026-01-30,2026-01-31,2026-03-01,3744.67,Paid,2026-02-01,2026-02-15
INV-27286,S013,D06,2026-04-26,2026-04-29,2026-05-26,9499.27,Paid,2026-05-02,2026-05-04
INV-27144,S001,D06,2026-02-03,2026-02-08,2026-03-05,1723.52,Paid,2026-02-11,2026-03-02
INV-26466,S006,D06,2026-08-25,2026-08-29,2026-09-24,3653.06,Paid,2026-08-29,2026-09-04
INV-26376,S009,D05,26/02/2026,2026-02-26,2026-03-28,23310.79,Paid,2026-03-10,2026-03-30
INV-26235,S015,D02,2026-01-30,2026-02-04,2026-03-01,"RM -11,145.60",Paid,2026-02-05,2026-02-13
INV-27125,S010,D06,2026-02-26,2026-02-26,2026-03-12,3824.23,Paid,2026-02-27,2026-03-16
INV-26644,S005,,2026-02-13,2026-02-15,2026-03-15,16721.59,Paid,2026-02-17,2026-03-03
INV-26565,S003,D04,2026-04-05,2026-04-09,2026-05-05,6628.13,Paid,2026-04-11,2026-04-29
INV-27137,S008,D05,2026-01-30,2026-02-03,2026-03-31,23284.93,Paid,2026-02-13,2026-02-27
INV-26337,S007,D04,2026-02-03,2026-02-08,2026-02-17,1836.07,Paid,2026-02-13,2026-03-02
INV-26452,S001,D02,2026-01-22,2026-01-26,2026-02-21,"RM 1,181.38",Paid,2026-01-29,2026-02-11
INV-26072,S002,D04,2026-06-02,2026-06-03,2026-07-02,3101.56,Paid,2026-06-07,2026-07-14
INV-26320,S013,D06,31/03/2026,2026-04-05,2026-04-30,1950.25,Paid,2026-04-09,2026-04-25
INV-26611,S012,D01,2026-02-14,2026-02-14,2026-03-31,21438.84,Paid,2026-02-14,2026-03-02
INV-26813,S001,D01,2026-02-28,2026-03-05,2026-03-30,1747.97,Paid,2026-03-07,2026-03-13
INV-26870,S006,D06,2026-04-30,2026-05-03,2026-05-30,2262.81,Paid,2026-05-05,2026-05-13
INV-26471,S013,D06,2026-04-26,2026-04-29,2026-05-26,"RM 7,835.00",Paid,2026-04-30,2026-05-16
INV-26190,S013,D06,2026-07-09,2026-07-09,2026-08-08,7188.0,Paid,2026-07-11,2026-07-19
INV-26667,S008,D05,2026-03-25,2026-03-31,2026-05-24,9249.53,Paid,2026-04-04,2026-04-17
INV-26918,S004,D03,2026-02-25,2026-03-02,2026-04-11,10389.02,Paid,2026-03-02,2026-03-16
INV-27205,S006,D06,2026-06-19,2026-06-25,2026-07-19,8834.41,Paid,2026-06-28,2026-07-15
INV-26281,S011,D01,2026-08-21,2026-08-23,2026-09-20,"RM 24,925.80",Paid,2026-08-24,2026-09-06
INV-27395,S002,D04,2026-04-24,2026-04-30,2026-05-24,5903.0,Paid,2026-05-02,2026-06-15
INV-27472,S009,D05,2026-06-29,2026-07-02,2026-07-29,51678.0,Paid,2026-07-11,2026-07-13
INV-26734,S002,D04,13/08/2026,2026-08-18,2026-09-12,6027.65,Paid,2026-08-19,2026-09-26
INV-26903,S003,D04,2026-02-08,2026-02-12,2026-03-10,5955.88,Paid,2026-02-13,2026-04-01
INV-26252,S014,D05,2026-06-13,2026-06-15,2026-07-13,4345.95,Paid,2026-06-26,2026-07-06
INV-26534,S004,D03,2026-07-01,2026-07-06,2026-08-15,41478.69,Paid,2026-07-08,2026-07-22
INV-27232,S011,D01,2026-01-28,2026-01-30,2026-02-27,13946.11,Paid,2026-01-31,2026-02-16
INV-27355,S015,D02,2026-05-30,2026-05-30,2026-06-29,6465.56,Paid,2026-06-02,2026-06-10
INV-27414,S013,D06,2026-07-21,2026-07-27,2026-08-20,5510.47,Paid,2026-07-27,2026-08-06
INV-26420,S004,D03,2026-02-27,2026-02-28,2026-04-13,6818.26,Paid,2026-02-28,2026-03-06
INV-26752,S007,D02,2026-03-02,2026-03-04,2026-03-16,3726.54,Paid,2026-03-07,2026-03-10
INV-27226,S011,D01,26/04/2026,2026-04-28,2026-05-26,"RM 7,955.56",Paid,2026-05-01,2026-05-11
INV-26213,S001,D03,31/01/2026,2026-01-31,2026-03-02,1926.91,Paid,2026-02-02,2026-02-13
INV-26387,S004,D03,15/01/2026,2026-01-18,2026-03-01,14899.39,Paid,2026-01-19,2026-01-23
INV-27309,S013,D06,05/08/2026,2026-08-08,2026-09-04,3223.86,On Hold,,
INV-26023,S002,D04,2026-02-13,2026-02-14,2026-03-15,7548.4,Paid,2026-02-14,2026-03-06
INV-27504,S005,D03,2026-03-27,2026-04-02,2026-04-26,34343.23,Paid,2026-04-04,2026-04-24
INV-26369,S012,D01,2026-06-09,2026-06-11,2026-07-24,14461.93,Paid,2026-06-12,2026-06-17
INV-27483,S008,D05,25/04/2026,2026-04-29,2026-06-24,11524.96,Paid,2026-05-13,2026-05-30
INV-26416,S001,D02,27/08/2026,2026-09-01,2026-09-26,2444.57,Paid,2026-09-05,2026-09-18
INV-27462,S015,D02,2026-09-14,2026-09-20,2026-10-14,2982.25,Approved,2026-09-22,
INV-26653,S010,D06,2026-08-28,2026-09-01,2026-09-11,1886.44,Paid,2026-09-02,2026-09-07
INV-26979,S002,D04,2026-05-28,2026-05-29,2026-06-27,2168.2,Paid,2026-06-01,2026-06-17
INV-26866,S004,D03,2026-03-31,2026-04-04,2026-05-15,22292.53,Paid,2026-04-07,2026-04-20
INV-26578,S007,D05,2026-07-27,2026-07-30,2026-08-10,3908.27,Paid,2026-08-03,2026-08-07
INV-27108,S005,D03,2026-07-26,2026-07-31,2026-08-25,15319.25,Paid,2026-07-31,2026-08-14
INV-26630,S002,D04,2026-05-21,2026-05-25,2026-06-20,2855.12,Paid,2026-05-26,2026-06-28
INV-27115,S014,D05,2026-04-15,2026-04-16,2026-05-15,"RM 4,157.35",Paid,2026-04-24,2026-05-01
INV-27012,S007,D04,2026-06-28,2026-06-29,2026-07-12,RM 862.22,Paid,2026-07-03,2026-07-16
INV-26824,S008,D05,2026-07-26,2026-08-01,2026-09-24,51821.06,Paid,2026-08-11,2026-08-31
INV-26294,S015,D02,2026-01-17,2026-01-17,2026-02-16,9294.99,Paid,2026-01-17,2026-01-23
INV-26025,S010,,2026-02-18,2026-02-24,2026-03-04,416.7,Paid,2026-02-27,2026-03-01
INV-26319,S011,D01,08/09/2026,2026-09-14,2026-10-08,11478.77,Approved,2026-09-16,
INV-27490,S009,D05,2026-09-20,2026-09-23,2026-10-20,54206.73,Pending Approval,,
INV-26948,S002,D04,2026-06-22,2026-06-24,2026-07-22,6925.91,Paid,2026-06-28,2026-08-03
INV-26497,S006,,2026-04-12,2026-04-18,2026-05-12,4988.1,Paid,2026-04-22,2026-05-10
INV-26924,S009,D05,2026-07-28,2026-08-02,2026-08-27,38721.69,Paid,2026-08-18,2026-08-23
INV-26134,S015,D02,03/07/2026,2026-07-04,2026-08-02,"RM 3,584.28",Paid,2026-07-07,2026-07-10
INV-26739,S015,D02,2026-01-26,2026-02-01,2026-02-25,7462.55,Paid,2026-02-02,2026-02-12
INV-26514,S003,D04,2026-05-22,2026-05-24,2026-06-21,5967.92,Paid,2026-05-25,2026-06-23
INV-26744,S007,D05,2026-02-26,2026-03-01,2026-03-12,221.86,On Hold,,
INV-27164,S013,D06,2026-03-25,2026-03-31,2026-04-24,10442.28,Paid,2026-04-04,2026-04-21
INV-27342,S002,D04,15/01/2026,2026-01-20,2026-02-14,8349.52,Paid,2026-01-22,2026-02-25
INV-26540,S004,D03,2026-08-31,2026-09-02,2026-10-15,20190.41,On Hold,,
INV-27405,S006,D06,2026-05-25,2026-05-30,2026-06-24,3875.09,Paid,2026-05-31,2026-06-13
INV-27258,S015,D02,2026-08-30,2026-09-03,2026-09-29,10183.53,Paid,2026-09-04,2026-09-09
INV-26413,S015,D02,2026-05-31,2026-06-04,2026-06-30,5558.69,Paid,2026-06-06,2026-06-19
INV-27298,S004,D03,2026-05-11,2026-05-13,2026-06-25,20746.31,Paid,2026-05-16,2026-05-24
INV-26081,S008,D05,2026-01-15,2026-01-18,2026-03-16,9457.27,Paid,2026-01-30,2026-02-12
INV-26407,S005,D03,2026-08-18,2026-08-23,2026-09-17,30697.94,Paid,2026-08-26,2026-08-28
INV-27394,S013,D06,2026-07-13,2026-07-19,2026-08-12,2207.72,Paid,2026-07-20,2026-08-01
INV-26396,S015,D02,2026-01-14,2026-01-18,2026-02-13,2080.06,Paid,2026-01-18,2026-01-20
INV-27311,S013,D06,2026-08-29,2026-09-02,2026-09-28,11280.0,Paid,2026-09-04,2026-09-20
INV-26264,S002,D04,2026-03-05,2026-03-10,2026-04-04,8245.23,Paid,2026-03-14,2026-04-10
INV-26825,S003,D04,2026-03-15,2026-03-21,2026-04-14,5427.3,Paid,2026-03-22,2026-04-19
INV-26451,S002,D04,2026-08-21,2026-08-24,2026-09-20,2229.94,Approved,2026-08-24,
INV-26925,S002,,17/01/2026,2026-01-17,2026-02-16,5747.04,Paid,2026-01-22,2026-02-20
INV-27244,S014,D04,2026-05-25,2026-05-31,2026-06-24,7966.05,Paid,2026-06-02,2026-06-08
INV-26938,S003,D04,2026-09-13,2026-09-14,2026-10-13,5513.21,Approved,2026-09-18,
INV-26178,S002,D04,12/03/2026,2026-03-12,2026-04-11,3931.12,Paid,2026-03-16,2026-04-15
INV-26098,S007,D05,2026-04-25,2026-04-29,2026-05-09,581.47,Paid,2026-05-05,2026-05-20
INV-26890,S008,D05,2026-08-03,2026-08-08,2026-10-02,6170.5,Paid,2026-08-14,2026-09-02
INV-27400,S002,D04,2026-08-03,2026-08-06,2026-09-02,7754.24,Paid,2026-08-15,2026-09-18
INV-27444,S006,D06,2026-05-16,2026-05-16,2026-06-15,11402.76,Paid,2026-05-19,2026-05-29
INV-26424,S002,D04,2026-03-12,2026-03-12,2026-04-11,3103.14,Paid,2026-03-14,2026-04-02
INV-26197,S015,D02,17/08/2026,2026-08-23,2026-09-16,7135.02,Paid,2026-08-27,2026-09-14
INV-26833,S014,D04,2026-03-29,2026-04-03,2026-04-28,4275.04,Paid,2026-04-04,2026-04-22
INV-27478,S010,D06,2026-02-01,2026-02-06,2026-02-15,1964.64,Paid,2026-02-09,2026-02-28
INV-27203,S014,D02,2026-03-13,2026-03-19,2026-04-12,7845.23,Paid,2026-03-24,2026-03-27
INV-26562,S010,D06,2026-04-26,2026-04-29,2026-05-10,5062.79,Paid,2026-05-04,2026-05-14
INV-26295,S011,D01,2026-07-12,2026-07-18,2026-08-11,6394.36,Paid,2026-07-18,2026-07-26
INV-27219,S001,D02,25/05/2026,2026-05-25,2026-06-24,524.27,Paid,2026-05-27,2026-06-15
INV-27179,S010,D06,2026-04-01,2026-04-07,2026-04-15,4893.51,Paid,2026-04-08,2026-04-26
INV-26049,S010,D06,2026-05-31,2026-06-06,2026-06-14,2999.8,Rejected,,
INV-26323,S007,D05,29/07/2026,2026-08-02,2026-08-12,"RM 3,477.19",Paid,2026-08-05,2026-08-07
INV-26776,S014,D02,2026-03-07,2026-03-08,2026-04-06,366.63,Paid,2026-03-12,2026-03-18
INV-27527,S010,D06,2026-01-25,2026-01-29,2026-02-08,5716.96,Paid,2026-02-02,2026-02-21
INV-27570,S003,D04,2026-02-24,2026-02-24,2026-03-26,3068.13,Paid,2026-02-25,2026-03-12
INV-26774,S005,D03,2026-06-18,2026-06-18,2026-07-18,29407.52,Paid,2026-06-21,2026-07-01
INV-27163,S003,D04,2026-07-01,2026-07-05,2026-07-31,7740.85,Paid,2026-07-08,2026-08-02
INV-26958,S001,D03,2026-02-23,2026-02-24,2026-03-25,306.98,Paid,2026-02-28,2026-03-14
INV-27515,S002,D04,2026-02-18,2026-02-19,2026-03-20,6046.57,Paid,2026-02-23,2026-03-26
INV-26282,S003,D04,2026-05-26,2026-05-31,2026-06-25,4977.84,Paid,2026-06-01,2026-07-02
INV-26474,S013,D06,2026-07-25,2026-07-27,2026-08-24,1317.21,Rejected,,
INV-27421,S005,D03,2026-08-25,2026-08-27,2026-09-24,39658.9,Paid,2026-09-01,2026-09-12
INV-26714,S012,D01,2026-08-01,2026-08-02,2026-09-15,34504.29,Paid,2026-08-03,2026-08-14
INV-26838,S014,D04,2026-07-17,2026-07-18,2026-08-16,"RM 6,876.43",Paid,2026-07-24,2026-08-06
INV-26299,S007,D04,2026-04-12,2026-04-18,2026-04-26,1446.13,Paid,2026-04-21,2026-04-26
INV-27210,S004,D03,2026-08-29,2026-08-31,2026-10-13,18728.54,Paid,2026-09-03,2026-09-08
INV-26150,S012,D01,2026-04-22,2026-04-23,2026-06-06,29228.89,Paid,2026-04-23,2026-04-27
INV-26491,S013,D06,2026-05-19,2026-05-22,2026-06-18,6875.82,Paid,2026-05-22,2026-05-31
INV-27060,S005,D03,2026-01-02,2026-01-04,2026-02-01,8742.94,Paid,2026-01-06,2026-01-26
INV-26955,S002,D04,2026-07-13,2026-07-14,2026-08-12,"RM 3,042.55",Paid,2026-07-20,2026-08-12
INV-26421,S007,D04,2026-09-13,2026-09-14,2026-09-27,1685.32,Approved,2026-09-20,
INV-26928,S013,D06,2026-04-18,2026-04-21,2026-05-18,3261.61,Paid,2026-04-26,2026-05-10
INV-27067,S002,D04,2026-05-26,2026-05-28,2026-06-25,4072.5,Paid,2026-05-30,2026-07-04
INV-26180,S011,D01,2026-03-11,2026-03-14,2026-04-10,34134.7,Paid,2026-03-16,2026-03-28
INV-27448,S003,D04,2026-02-24,2026-02-27,2026-03-26,5493.87,Paid,2026-03-03,2026-04-03
INV-26347,S009,D05,2026-07-31,2026-08-04,2026-08-30,9702.1,Paid,2026-08-14,2026-08-16
INV-27271,S002,D04,2026-01-29,2026-02-01,2026-02-28,3368.35,Paid,2026-02-02,2026-03-24
INV-26516,S015,D02,2026-08-31,2026-09-02,2026-09-30,14850.75,Paid,2026-09-04,2026-09-18
INV-26772,S013,D06,26/01/2026,2026-01-27,2026-02-25,2042.41,Paid,2026-01-29,2026-02-02
INV-26063,S015,D02,31/07/2026,2026-08-02,2026-08-30,2076.93,Paid,2026-08-02,2026-08-05
INV-26858,S015,D02,2026-03-18,2026-03-23,2026-04-17,11553.78,Paid,2026-03-23,2026-03-29
INV-27523,S007,D04,13/09/2026,2026-09-16,2026-09-27,2939.94,Approved,2026-09-18,
INV-27040,S007,,2026-05-29,2026-06-02,2026-06-12,2250.85,Paid,2026-06-10,2026-06-25
INV-26172,S013,D06,2026-08-19,2026-08-21,2026-09-18,4575.38,Paid,2026-08-25,2026-09-01
INV-27030,S006,D06,2026-08-12,2026-08-15,2026-09-11,3343.42,Rejected,,
INV-27112,S004,D03,2026-05-12,2026-05-17,2026-06-26,14440.35,Paid,2026-05-20,2026-05-23
INV-26531,S008,D05,2026-04-17,2026-04-20,2026-06-16,"RM 33,512.96",Paid,2026-04-25,2026-05-11
INV-27359,S014,D04,2026-02-07,2026-02-12,2026-03-09,2041.23,Paid,2026-02-14,2026-02-20
INV-26686,S005,D03,2026-03-02,2026-03-02,2026-04-01,43486.33,Paid,2026-03-07,2026-03-27
INV-26792,S008,D05,2026-08-31,2026-09-06,2026-10-30,36032.4,Approved,2026-09-21,
INV-27525,S003,D04,2026-04-09,2026-04-09,2026-05-09,4920.98,Paid,2026-04-12,2026-05-17
INV-26595,S014,D04,2026-06-24,2026-06-24,2026-07-24,3777.14,Paid,2026-07-01,2026-07-10
INV-27212,S015,D02,26/05/2026,2026-05-29,2026-06-25,8897.54,Paid,2026-05-30,2026-06-02
INV-27218,S005,D03,15/04/2026,2026-04-18,2026-05-15,3726.39,Paid,2026-04-18,2026-05-07
INV-27289,S013,D06,2026-06-15,2026-06-16,2026-07-15,9390.26,Paid,2026-06-21,2026-07-07
INV-27110,S006,D06,2026-03-28,2026-04-03,2026-04-27,984.56,Paid,2026-04-06,2026-04-24
INV-27091,S005,D03,2026-04-29,2026-05-03,2026-05-29,14406.95,Paid,2026-05-05,2026-05-07
INV-26024,S013,D06,2026-05-02,2026-05-04,2026-06-01,2353.22,Paid,2026-05-05,2026-05-12
INV-27131,S007,D04,2026-06-11,2026-06-16,2026-06-25,3831.66,Paid,2026-06-22,2026-07-07
INV-26798,S014,D04,2026-08-31,2026-08-31,2026-09-30,"RM 3,830.75",Paid,2026-09-06,2026-09-14
INV-26826,S003,D04,2026-09-20,2026-09-22,2026-10-20,1744.49,Approved,2026-09-24,
INV-27051,S004,D03,2026-08-30,2026-09-01,2026-10-14,"RM 40,607.42",Paid,2026-09-03,2026-09-11
INV-27456,S011,D01,2026-02-16,2026-02-17,2026-03-18,25962.18,Paid,2026-02-20,2026-03-05
INV-27077,S006,D06,2026-05-01,2026-05-04,2026-05-31,6206.92,Paid,2026-05-07,2026-05-25
INV-27292,S007,D05,2026-05-19,2026-05-22,2026-06-02,749.24,Paid,2026-05-24,2026-06-05
INV-26735,S007,D05,2026-02-23,2026-02-28,2026-03-09,431.73,Paid,2026-02-28,2026-03-08
INV-26906,S003,D04,2026-02-23,2026-03-01,2026-03-25,2683.09,Paid,2026-03-04,2026-04-04
INV-26754,S010,D06,28/07/2026,2026-07-31,2026-08-11,3341.98,Paid,2026-08-01,2026-08-08
INV-27287,S011,D01,14/03/2026,2026-03-18,2026-04-13,13405.05,Paid,2026-03-20,2026-03-22
INV-27331,S004,D03,04/06/2026,2026-06-05,2026-07-19,42549.64,Paid,2026-06-09,2026-06-15
INV-27477,S013,D06,2026-07-31,2026-08-01,2026-08-30,10179.08,Paid,2026-08-04,2026-08-10
INV-26673,S002,D04,2026-05-25,2026-05-26,2026-06-24,1426.23,Paid,2026-05-28,2026-06-23
INV-26708,S008,D05,2026-02-22,2026-02-24,2026-04-23,16699.18,Paid,2026-03-03,2026-03-23
INV-27469,S009,D05,2026-03-03,2026-03-07,2026-04-02,19020.35,Paid,2026-03-23,2026-04-12
INV-26440,S015,D02,2026-04-29,2026-05-01,2026-05-29,9914.97,Paid,2026-05-05,2026-05-22
INV-26091,S008,D05,2026-02-04,2026-02-06,2026-04-05,23091.31,Paid,2026-02-25,2026-03-03
INV-26007,S002,D04,24/01/2026,2026-01-28,2026-02-23,4468.53,Paid,2026-02-03,2026-02-20
INV-26356,S011,D01,2026-03-30,2026-04-04,2026-04-29,14882.6,Paid,2026-04-06,2026-04-22
INV-26179,S002,D04,2026-06-30,2026-07-05,2026-07-30,7342.11,Paid,2026-07-06,2026-08-08
INV-26779,S013,D06,2026-07-25,2026-07-28,2026-08-24,4997.58,Paid,2026-07-28,2026-08-03
INV-27026,S008,D05,25/02/2026,2026-03-02,2026-04-26,31598.66,Paid,2026-03-09,2026-03-13
INV-27559,S006,D06,13/06/2026,2026-06-17,2026-07-13,1380.75,Paid,2026-06-18,2026-06-28
INV-26236,S014,D05,29/05/2026,2026-05-30,2026-06-28,5143.46,Paid,2026-06-03,2026-06-16
INV-27524,S012,D01,2026-05-15,2026-05-19,2026-06-29,14355.51,Paid,2026-05-21,2026-06-03
INV-27429,S015,D02,2026-02-07,2026-02-11,2026-03-09,4424.18,Paid,2026-02-14,2026-03-02
INV-27460,S009,D05,2026-03-13,2026-03-16,2026-04-12,26896.75,Paid,2026-03-27,2026-04-01
INV-26147,S004,D03,2026-01-31,2026-01-31,2026-03-17,9864.3,Paid,2026-02-02,2026-02-05
INV-26454,S002,D04,2026-08-23,2026-08-27,2026-09-22,5961.64,Approved,2026-08-30,
INV-27252,S005,D03,2026-04-22,2026-04-27,2026-05-22,31481.27,Paid,2026-04-28,2026-05-12
INV-27261,S007,D02,2026-02-14,2026-02-19,2026-02-28,2145.28,Paid,2026-02-20,2026-02-26
INV-26012,S009,D05,2026-06-26,2026-06-29,2026-07-26,31742.63,Paid,2026-07-05,2026-07-08
INV-27158,S009,D05,2026-09-02,2026-09-04,2026-10-02,39892.14,Approved,2026-09-13,
INV-26056,S011,D01,28/05/2026,2026-06-02,2026-06-27,16510.48,Paid,2026-06-03,2026-06-17
INV-26062,S007,D02,2026-06-22,2026-06-26,2026-07-06,3468.74,Paid,2026-06-28,2026-06-30
INV-27024,S002,D04,2026-01-28,2026-01-28,2026-02-27,8225.4,Paid,2026-01-31,2026-02-28
INV-27314,S005,D03,2026-09-24,2026-09-24,2026-10-24,14653.49,Pending Approval,,
INV-26993,S013,D06,2026-07-19,2026-07-25,2026-08-18,1581.52,Paid,2026-07-29,2026-07-31
INV-26183,S009,D05,2026-08-14,2026-08-17,2026-09-13,8953.06,Paid,2026-08-26,2026-09-08
INV-27568,S004,D03,2026-06-24,2026-06-25,2026-08-08,"RM 7,805.40",Paid,2026-06-27,2026-07-11
INV-27496,S014,D04,2026-06-25,2026-06-26,2026-07-25,5101.13,On Hold,,
INV-27513,S006,D06,2026-06-24,2026-06-25,2026-07-24,8729.77,Paid,2026-06-26,2026-06-29
INV-26727,S012,D01,2026-05-29,2026-05-31,2026-07-13,18883.81,Rejected,,
INV-26596,S014,D04,2026-08-18,2026-08-18,2026-09-17,413.05,Paid,2026-08-21,2026-09-01
INV-26223,S012,D01,2026-02-26,2026-02-28,2026-04-12,11406.48,Paid,2026-03-02,2026-03-19
INV-26916,S003,D04,18/07/2026,2026-07-23,2026-08-17,4411.44,Paid,2026-07-28,2026-08-21
INV-27084,S015,D02,05/02/2026,2026-02-07,2026-03-07,12941.02,Paid,2026-02-09,2026-02-25
INV-26732,S007,D02,2026-09-15,2026-09-18,2026-09-29,2150.66,Approved,2026-09-18,
INV-26957,S010,D06,2026-03-22,2026-03-26,2026-04-05,2999.33,Paid,2026-03-29,2026-04-04
INV-26373,S007,D04,2026-05-01,2026-05-05,2026-05-15,936.52,Paid,2026-05-10,2026-05-25
INV-26472,S008,D05,2026-02-08,2026-02-12,2026-04-09,13937.42,Paid,2026-03-02,2026-03-22
INV-26829,S009,D05,2026-02-23,2026-02-26,2026-03-25,29902.65,Paid,2026-03-12,2026-03-22
INV-27161,S006,D06,2026-07-21,2026-07-26,2026-08-20,8393.83,Paid,2026-07-29,2026-08-12
INV-26551,S003,D04,2026-06-23,2026-06-26,2026-07-23,6497.09,Paid,2026-06-30,2026-07-22
INV-26135,S011,D01,2026-08-22,2026-08-24,2026-09-21,28306.42,Paid,2026-08-26,2026-09-12
INV-27213,S013,D06,06/02/2026,2026-02-08,2026-03-08,6465.45,Paid,2026-02-11,2026-02-24
INV-27276,S010,D06,2026-03-18,2026-03-20,2026-04-01,5371.74,Paid,2026-03-21,2026-03-25
INV-26786,S007,D05,2026-08-08,2026-08-13,2026-08-22,2081.69,Paid,2026-08-22,2026-08-31
INV-27133,S011,D01,2026-03-29,2026-04-04,2026-04-28,6630.26,Paid,2026-04-07,2026-04-27
INV-26678,S005,D03,2026-07-24,2026-07-30,2026-08-23,18319.54,Paid,2026-07-31,2026-08-10
INV-26112,S008,D05,27/04/2026,2026-04-28,2026-06-26,35611.49,Paid,2026-05-02,2026-05-07
INV-26160,S011,D01,2026-03-27,2026-03-31,2026-04-26,29806.39,Paid,2026-04-01,2026-04-07
INV-26374,S004,D03,2026-04-19,2026-04-19,2026-06-03,31704.2,Paid,2026-04-21,2026-05-02
INV-26934,S014,,2026-04-15,2026-04-17,2026-05-15,6057.51,Paid,2026-04-17,2026-04-29
INV-26292,S008,D05,2026-03-30,2026-04-01,2026-05-29,30797.9,Paid,2026-04-14,2026-04-22
INV-26669,S003,D04,2026-04-12,2026-04-13,2026-05-12,3384.59,Paid,2026-04-18,2026-05-24
INV-27256,S009,D05,2026-03-12,2026-03-17,2026-04-11,28745.91,Paid,2026-03-31,2026-04-02
INV-26773,S004,D03,2026-02-05,2026-02-09,2026-03-22,"RM 21,378.53",Paid,2026-02-11,2026-02-24
INV-26977,S015,D02,2026-06-26,2026-06-29,2026-07-26,5683.03,Paid,2026-07-03,2026-07-21
INV-26877,S008,D05,2026-09-21,2026-09-23,2026-11-20,55415.22,Pending Approval,,
INV-26900,S007,D02,2026-03-24,2026-03-25,2026-04-07,1479.85,Paid,2026-03-26,2026-03-28
INV-27417,S012,D01,2026-03-27,2026-04-01,2026-05-11,33427.29,Paid,2026-04-03,2026-04-06
INV-26970,S003,D04,2026-06-29,2026-06-30,2026-07-29,4488.39,Paid,2026-07-02,2026-08-02
INV-27189,S003,D04,2026-06-26,2026-06-26,2026-07-26,4293.24,Paid,2026-06-29,2026-08-03
INV-27397,S003,D04,2026-06-23,2026-06-27,2026-07-23,6124.75,Paid,2026-07-01,2026-07-24
INV-27529,S005,D03,2026-09-02,2026-09-08,2026-10-02,32813.15,Approved,2026-09-10,
INV-26731,S007,D02,2026-03-17,2026-03-20,2026-03-31,2104.23,Paid,2026-03-21,2026-04-08
INV-27206,S011,D01,2026-07-31,2026-08-06,2026-08-30,20029.56,Paid,2026-08-08,2026-08-23
INV-26709,S011,D01,2026-04-07,2026-04-12,2026-05-07,13221.03,Paid,2026-04-13,2026-04-15
INV-27474,S006,D06,2026-04-28,2026-04-28,2026-05-28,10334.0,Paid,2026-05-02,2026-05-14
INV-27294,S015,D02,2026-06-14,2026-06-18,2026-07-14,3455.03,Rejected,,
INV-27438,S012,D01,2026-03-03,2026-03-05,2026-04-17,18155.44,Paid,2026-03-09,2026-03-18
INV-26696,S003,D04,17/06/2026,2026-06-21,2026-07-17,1666.85,Paid,2026-06-23,2026-08-05
INV-26487,S009,D05,21/05/2026,2026-05-23,2026-06-20,30857.57,Paid,2026-06-09,2026-06-16
INV-27367,S011,D01,2026-06-14,2026-06-19,2026-07-14,27396.96,Paid,2026-06-20,2026-06-27
INV-26801,S013,D06,2026-06-20,2026-06-24,2026-07-20,2000.84,Paid,2026-06-26,2026-07-11
INV-26155,S012,D01,2026-04-29,2026-05-02,2026-06-13,17814.81,Paid,2026-05-04,2026-05-09
INV-26124,S001,D01,2026-03-29,2026-03-31,2026-04-28,498.78,Paid,2026-04-02,2026-04-13
INV-26055,S005,D03,2026-01-05,2026-01-11,2026-02-04,37991.06,Paid,2026-01-14,2026-01-31
INV-26133,S013,D06,2026-07-29,2026-07-31,2026-08-28,2819.06,Paid,2026-08-01,2026-08-20
INV-26655,S001,D02,2026-09-14,2026-09-19,2026-10-14,1441.56,Approved,2026-09-20,
INV-26646,S013,D06,2026-06-13,2026-06-19,2026-07-13,9090.03,Paid,2026-06-19,2026-07-04
INV-27140,S013,D06,2026-01-19,2026-01-22,2026-02-18,9103.21,Paid,2026-01-25,2026-02-01
INV-26224,S005,D03,2026-05-25,2026-05-31,2026-06-24,25073.19,Paid,2026-06-03,2026-06-08
INV-27273,S004,D03,2026-02-10,2026-02-15,2026-03-27,33707.68,Paid,2026-02-17,2026-03-08
INV-26469,S004,D03,2026-06-03,2026-06-06,2026-07-18,"RM 6,085.23",Paid,2026-06-07,2026-06-24
INV-27335,S015,D02,2026-04-13,2026-04-17,2026-05-13,12138.79,Paid,2026-04-18,2026-05-03
INV-27560,S006,D06,27/08/2026,2026-08-27,2026-09-26,10755.39,Paid,2026-08-29,2026-09-07
INV-27296,S014,D04,2026-08-20,2026-08-21,2026-09-19,438.11,Paid,2026-08-27,2026-09-16
INV-26975,S010,D06,05/02/2026,2026-02-07,2026-02-19,5437.93,Paid,2026-02-10,2026-02-28
INV-26022,S005,D03,2026-08-16,2026-08-22,2026-09-15,32505.07,Paid,2026-08-24,2026-08-26
INV-27488,S007,D02,2026-07-05,2026-07-08,2026-07-19,2941.06,Paid,2026-07-09,2026-07-20
INV-26194,S014,D04,2026-07-02,2026-07-03,2026-08-01,1801.44,Paid,2026-07-07,2026-07-11
INV-27001,S014,D05,2026-03-10,2026-03-11,2026-04-09,3942.32,Paid,2026-03-15,2026-03-22
INV-27066,S001,D02,2026-04-29,2026-05-02,2026-05-29,1461.27,Paid,2026-05-07,2026-05-19
INV-26285,S006,D06,31/07/2026,2026-08-05,2026-08-30,3049.37,Paid,2026-08-09,2026-08-27
INV-27009,S008,D05,2026-06-14,2026-06-18,2026-08-13,47286.14,Paid,2026-06-29,2026-07-11
INV-26649,S006,D06,2026-01-02,2026-01-02,2026-02-01,9630.79,Paid,2026-01-03,2026-01-16
INV-26306,S010,D06,2026-06-17,2026-06-19,2026-07-01,878.29,Paid,2026-06-24,2026-06-28
INV-26507,S004,D03,2026-05-08,2026-05-08,2026-06-22,7475.87,Paid,2026-05-11,2026-05-21
INV-26283,S008,D05,2026-02-26,2026-03-02,2026-04-27,10274.8,Paid,2026-03-12,2026-03-18
INV-26313,S003,D04,2026-09-16,2026-09-20,2026-10-16,2559.4,Approved,2026-09-22,
INV-26844,S003,D04,19/02/2026,2026-02-20,2026-03-21,3124.18,Paid,2026-02-22,2026-04-02
INV-27580,S013,D06,2026-07-23,2026-07-26,2026-08-22,4330.18,Paid,2026-07-27,2026-08-16
INV-27338,S008,D05,2026-01-12,2026-01-18,2026-03-13,4400.53,Paid,2026-01-26,2026-01-28
INV-26984,S015,D02,2026-02-23,2026-02-26,2026-03-25,2049.88,Paid,2026-03-02,2026-03-14
INV-26887,S004,D03,2026-07-06,2026-07-08,2026-08-20,9420.25,Paid,2026-07-11,2026-07-17
INV-26241,S011,D01,2026-02-01,2026-02-07,2026-03-03,17983.52,Paid,2026-02-09,2026-02-27
INV-27056,S004,D03,2026-08-11,2026-08-17,2026-09-25,35877.34,Paid,2026-08-22,2026-08-31
INV-26816,S013,D06,2026-04-14,2026-04-19,2026-05-14,879.58,Paid,2026-04-24,2026-05-13
INV-27575,S006,D06,2026-03-31,2026-04-03,2026-04-30,5504.08,Paid,2026-04-08,2026-04-24
INV-27231,S001,D01,2026-08-05,2026-08-10,2026-09-04,1937.56,Paid,2026-08-10,2026-08-27
INV-26701,S011,D01,2026-01-31,2026-02-04,2026-03-02,22400.76,Rejected,,
INV-26805,S002,D04,2026-07-30,2026-08-05,2026-08-29,4418.48,Paid,2026-08-09,2026-09-18
INV-27209,S010,D06,2026-04-06,2026-04-08,2026-04-20,5036.16,Paid,2026-04-11,2026-04-13
INV-26503,S008,D05,2026-08-11,2026-08-17,2026-10-10,26029.44,Paid,2026-08-30,2026-09-09
INV-27528,S007,D02,2026-05-17,2026-05-23,2026-05-31,866.32,Paid,2026-05-27,2026-06-06
INV-26340,S012,D01,2026-09-06,2026-09-12,2026-10-21,22724.62,Paid,2026-09-15,2026-09-26
INV-26881,S012,D01,2026-07-07,2026-07-10,2026-08-21,6731.2,Paid,2026-07-10,2026-07-12
INV-26559,S002,D04,2026-06-06,2026-06-09,2026-07-06,6422.02,Paid,2026-06-11,2026-06-27
INV-26215,S001,D06,2026-08-10,2026-08-12,2026-09-09,86.52,Paid,2026-08-15,2026-08-19
INV-26919,S010,D06,2026-04-17,2026-04-23,2026-05-01,464.16,Paid,2026-04-29,2026-05-15
INV-26258,S009,D05,2026-05-09,2026-05-12,2026-06-08,2486.68,Paid,2026-05-21,2026-05-25
INV-26128,S001,D01,2026-05-12,2026-05-13,2026-06-11,334.67,Rejected,,
INV-26566,S003,D04,2026-07-05,2026-07-11,2026-08-04,8140.8,Paid,2026-07-16,2026-08-16
INV-27576,S008,D05,10/06/2026,2026-06-14,2026-08-09,39418.94,Paid,2026-06-29,2026-07-03
INV-26326,S006,D06,2026-01-28,2026-02-03,2026-02-27,8846.72,Paid,2026-02-06,2026-02-18
INV-26415,S003,D04,21/04/2026,2026-04-26,2026-05-21,4218.12,Paid,2026-04-28,2026-05-26
INV-27302,S008,D05,2026-03-22,2026-03-22,2026-05-21,"RM 55,324.55",Paid,2026-04-03,2026-04-05
INV-26618,S009,D05,2026-05-29,2026-06-02,2026-06-28,6283.9,Paid,2026-06-02,2026-06-16
INV-27562,S012,D01,2026-05-04,2026-05-09,2026-06-18,28789.16,Paid,2026-05-09,2026-05-28
INV-27327,S010,D06,2026-04-15,2026-04-17,2026-04-29,2897.47,Paid,2026-04-18,2026-05-04
INV-27349,S003,D04,2026-07-13,2026-07-18,2026-08-12,3560.54,On Hold,,
INV-26960,S007,D05,2026-06-10,2026-06-16,2026-06-24,"RM 3,996.44",Paid,2026-06-25,2026-07-15
INV-26423,S014,D05,2026-02-25,2026-02-25,2026-03-27,6552.64,Paid,2026-03-08,2026-03-25
INV-26800,S001,D04,2026-07-25,2026-07-25,2026-08-24,865.27,Paid,2026-07-28,2026-08-04
INV-26841,S002,D04,2026-07-24,2026-07-30,2026-08-23,8864.16,Paid,2026-08-02,2026-09-01
INV-26230,S011,D01,2026-02-26,2026-02-26,2026-03-28,22716.38,Paid,2026-02-26,2026-03-04
INV-26961,S003,D04,2026-02-21,2026-02-26,2026-03-23,8740.01,Paid,2026-03-01,2026-04-17
INV-26384,S013,D06,2026-01-20,2026-01-21,2026-02-19,1647.07,Paid,2026-01-24,2026-01-31
INV-26097,S006,D06,2026-02-28,2026-03-01,2026-03-30,9201.71,Paid,2026-03-03,2026-03-16
INV-26901,S011,D01,04/06/2026,2026-06-04,2026-07-04,"RM 16,879.09",Paid,2026-06-06,2026-06-13
INV-26080,S005,D03,10/01/2026,2026-01-13,2026-02-09,"RM 25,184.07",Paid,2026-01-16,2026-02-03
INV-26357,S009,D05,2026-07-19,2026-07-23,2026-08-18,59853.84,Paid,2026-07-25,2026-07-30
INV-27530,S006,D06,2026-03-18,2026-03-21,2026-04-17,"RM 4,090.19",Paid,2026-03-24,2026-03-30
INV-26818,S001,D01,2026-04-01,2026-04-02,2026-05-01,798.14,Paid,2026-04-04,2026-04-21
INV-26293,S009,D05,2026-09-03,2026-09-06,2026-10-03,58207.8,Paid,2026-09-16,2026-09-23
INV-26836,S002,D04,2026-05-29,2026-06-02,2026-06-28,4431.54,Paid,2026-06-02,2026-07-02
INV-27293,S012,D01,2026-05-27,2026-06-01,2026-07-11,21211.43,Paid,2026-06-05,2026-06-21
INV-26429,S015,D02,2026-01-20,2026-01-25,2026-02-19,"RM 14,289.20",Paid,2026-01-27,2026-02-01
INV-27234,S003,D04,2026-09-16,2026-09-20,2026-10-16,1271.07,Rejected,,
INV-27300,S013,D06,2026-05-27,2026-05-30,2026-06-26,6953.52,Rejected,,
INV-26904,S002,D04,27/07/2026,2026-07-29,2026-08-26,1726.21,Paid,2026-08-01,2026-09-03
INV-26052,S005,D03,2026-05-26,2026-05-26,2026-06-25,3703.09,Paid,2026-05-26,2026-06-02
INV-27225,S012,D01,2026-07-01,2026-07-05,2026-08-15,"RM 5,682.07",Paid,2026-07-06,2026-07-24
INV-26156,S006,D06,2026-03-01,2026-03-02,2026-03-31,3518.11,Paid,2026-03-06,2026-03-24
INV-26760,S013,D06,29/01/2026,2026-02-01,2026-02-28,2241.09,Paid,2026-02-03,2026-02-05
INV-26247,S003,D04,2026-07-06,2026-07-07,2026-08-05,6205.76,Paid,2026-07-14,2026-08-06
INV-27195,S012,D01,2026-01-20,2026-01-24,2026-03-06,21988.26,Paid,2026-01-27,2026-02-05
INV-26237,S005,D03,2026-07-07,2026-07-09,2026-08-06,16061.44,Paid,2026-07-10,2026-07-30
INV-27165,S002,D04,2026-02-20,2026-02-22,2026-03-22,4931.01,Paid,2026-02-26,2026-03-28
INV-26882,S006,D06,2026-02-17,2026-02-23,2026-03-19,"RM 7,416.49",Paid,2026-02-23,2026-03-08
INV-27531,S002,D04,2026-05-05,2026-05-10,2026-06-04,4914.8,Paid,2026-05-12,2026-06-29
INV-27585,S006,D06,2026-03-23,2026-03-23,2026-04-22,1717.42,Paid,2026-03-28,2026-04-07
INV-27425,S013,D06,2026-02-08,2026-02-12,2026-03-10,11645.68,Paid,2026-02-14,2026-02-18
INV-27475,S011,D01,18/04/2026,2026-04-19,2026-05-18,34126.96,Rejected,,
INV-26363,S011,D01,2026-04-22,2026-04-27,2026-05-22,12798.24,Paid,2026-04-27,2026-04-29
INV-26218,S006,D06,2026-05-07,2026-05-08,2026-06-06,5105.79,Paid,2026-05-12,2026-05-26
INV-26811,S011,D01,03/01/2026,2026-01-04,2026-02-02,4731.42,Paid,2026-01-07,2026-01-27
INV-27111,S013,D06,2026-02-14,2026-02-16,2026-03-16,5163.85,Paid,2026-02-17,2026-03-03
INV-27344,S002,D04,2026-06-26,2026-06-26,2026-07-26,3550.99,Paid,2026-06-26,2026-08-07
INV-27518,S001,D05,2026-01-15,2026-01-21,2026-02-14,2300.48,Paid,2026-02-04,2026-02-20
INV-26214,S005,,29/01/2026,2026-02-03,2026-02-28,5431.29,Paid,2026-02-07,2026-02-22
INV-26749,S014,D04,2026-02-24,2026-02-25,2026-03-26,5770.25,Paid,2026-03-01,2026-03-14
INV-26791,S004,D03,2026-02-04,2026-02-04,2026-03-21,17138.85,Paid,2026-02-04,2026-02-23
INV-27285,S015,D02,29/04/2026,2026-05-02,2026-05-29,5781.35,Paid,2026-05-03,2026-05-17
INV-26987,S006,D06,2026-08-26,2026-08-26,2026-09-25,11092.4,Paid,2026-08-26,2026-08-28
INV-26554,S007,D04,2026-05-28,2026-05-30,2026-06-11,2175.8,Paid,2026-06-02,2026-06-12
INV-27528,S007,D02,2026-05-17,2026-05-23,2026-05-31,866.32,Paid,2026-05-27,2026-06-06
INV-26815,S005,D03,2026-08-28,2026-08-28,2026-09-27,41421.16,Paid,2026-08-29,2026-09-14
INV-27521,S003,D04,2026-07-10,2026-07-14,2026-08-09,8138.74,Paid,2026-07-16,2026-08-09
INV-27506,S011,D01,16/04/2026,2026-04-17,2026-05-16,4762.0,Paid,2026-04-18,2026-05-08
INV-27549,S012,D01,11/01/2026,2026-01-14,2026-02-25,16175.3,Paid,2026-01-14,2026-02-02
INV-26999,S007,D02,2026-01-29,2026-02-03,2026-02-12,1943.65,Paid,2026-02-05,2026-02-22
INV-26386,S007,D05,2026-01-08,2026-01-11,2026-01-22,1026.82,Paid,2026-01-23,2026-01-30
INV-26716,S014,D04,2026-06-02,2026-06-03,2026-07-02,2837.59,Paid,2026-06-09,2026-06-11
INV-26157,S010,D06,2026-05-12,2026-05-13,2026-05-26,"RM 3,689.92",Paid,2026-05-15,2026-05-21
INV-27075,S007,D04,2026-05-08,2026-05-08,2026-05-22,737.78,Paid,2026-05-10,2026-05-17
INV-26143,S006,D06,2026-03-30,2026-03-30,2026-04-29,2214.16,Paid,2026-04-02,2026-04-05
INV-27416,S013,D06,2026-02-08,2026-02-09,2026-03-10,2503.68,Paid,2026-02-11,2026-02-21
INV-26002,S009,D05,2026-05-31,2026-05-31,2026-06-30,46264.72,Paid,2026-06-06,2026-06-19
INV-26775,S006,D06,2026-04-29,2026-05-02,2026-05-29,9408.56,Paid,2026-05-04,2026-05-10
INV-26392,S006,D06,2026-03-22,2026-03-28,2026-04-21,7001.52,Paid,2026-04-01,2026-04-09
INV-27325,S012,D01,2026-03-19,2026-03-19,2026-05-03,5515.43,Paid,2026-03-22,2026-04-11
INV-26370,S014,D04,2026-08-17,2026-08-23,2026-09-16,3364.86,Paid,2026-08-30,2026-09-04
INV-27569,S013,D06,2026-01-07,2026-01-13,2026-02-06,2535.36,Paid,2026-01-15,2026-02-02
INV-26654,S013,D06,2026-01-25,2026-01-25,2026-02-24,4910.53,Paid,2026-01-26,2026-02-14
INV-27486,S008,D05,2026-01-03,2026-01-03,2026-03-04,21235.88,Paid,2026-01-18,2026-01-20
INV-26581,S011,D01,2026-06-16,2026-06-18,2026-07-16,27197.68,Paid,2026-06-21,2026-07-03
INV-26931,S003,D04,2026-05-16,2026-05-18,2026-06-15,936.83,Paid,2026-05-18,2026-06-19
INV-26869,S003,D04,2026-02-01,2026-02-05,2026-03-03,2468.97,Paid,2026-02-09,2026-03-07
INV-27065,S009,D05,2026-01-12,2026-01-17,2026-02-11,23695.7,Paid,2026-01-29,2026-02-03
INV-27080,S010,D06,21/09/2026,2026-09-24,2026-10-05,3661.59,Approved,2026-09-25,
INV-26846,S005,D03,2026-09-01,2026-09-03,2026-10-01,23025.92,Paid,2026-09-05,2026-09-15
INV-26544,S007,D05,2026-01-03,2026-01-03,2026-01-17,790.54,Paid,2026-01-18,2026-01-30
INV-27379,S003,D04,2026-07-26,2026-07-31,2026-08-25,6375.14,Paid,2026-08-06,2026-09-14
INV-26730,S005,D03,2026-07-30,2026-08-02,2026-08-29,4874.94,Paid,2026-08-03,2026-08-15
INV-27263,S003,D04,2026-03-31,2026-04-06,2026-04-30,1741.9,Paid,2026-04-09,2026-05-03
INV-27357,S015,D02,28/02/2026,2026-03-03,2026-03-30,6099.19,Paid,2026-03-03,2026-03-10
INV-26647,S009,D05,2026-03-28,2026-04-01,2026-04-27,11184.62,Paid,2026-04-16,2026-04-25
INV-26240,S002,D04,2026-01-30,2026-02-03,2026-03-01,421.08,Paid,2026-02-08,2026-03-27
INV-26803,S013,D06,2026-07-25,2026-07-30,2026-08-24,7776.03,Paid,2026-07-31,2026-08-05
INV-26093,S001,D02,23/03/2026,2026-03-28,2026-04-22,2329.91,Paid,2026-03-30,2026-04-15
INV-26277,S013,D06,24/06/2026,2026-06-29,2026-07-24,8154.57,Paid,2026-06-30,2026-07-06
INV-26674,S008,D05,16/06/2026,2026-06-19,2026-08-15,56365.29,Paid,2026-07-05,2026-07-23
INV-26495,S007,D04,2026-05-19,2026-05-23,2026-06-02,-2352.94,Paid,2026-05-25,2026-06-04
INV-26329,S007,D05,2026-01-21,2026-01-22,2026-02-04,1119.45,Paid,2026-02-03,2026-02-11
INV-26705,S009,D05,2026-01-10,2026-01-15,2026-02-09,13950.42,Paid,2026-02-04,2026-02-24
INV-26383,S006,D06,2026-07-16,2026-07-17,2026-08-15,7528.89,Paid,2026-07-22,2026-08-09
INV-26152,S004,D03,25/02/2026,2026-03-02,2026-04-11,37696.88,Paid,2026-03-07,2026-03-13
INV-26515,S010,D06,2026-05-14,2026-05-18,2026-05-28,3960.69,Paid,2026-05-21,2026-05-30
INV-26105,S009,D05,2026-07-28,2026-07-31,2026-08-27,43608.62,Paid,2026-08-18,2026-09-06
INV-26764,S011,D01,06/01/2026,2026-01-06,2026-02-05,27245.99,Paid,2026-01-08,2026-01-27
INV-27149,S001,D03,2026-08-20,2026-08-21,2026-09-19,1155.8,Paid,2026-08-24,2026-08-28
INV-26448,S013,D06,2026-06-12,2026-06-15,2026-07-12,7499.45,Paid,2026-06-15,2026-07-03
INV-26225,S015,D02,2026-07-27,2026-07-30,2026-08-26,3793.53,On Hold,,
INV-27384,S015,D02,2026-06-08,2026-06-10,2026-07-08,14497.06,Paid,2026-06-14,2026-06-28
INV-26013,S006,D06,2026-07-21,2026-07-24,2026-08-20,2623.83,Paid,2026-07-27,2026-08-14
INV-27279,S014,D05,2026-08-01,2026-08-07,2026-08-31,"RM 1,728.66",Paid,2026-08-11,2026-08-30
INV-27037,S001,D06,2026-04-30,2026-05-02,2026-05-30,1257.92,Paid,2026-05-02,2026-05-05
INV-27138,S015,D02,29/08/2026,2026-09-04,2026-09-28,3265.3,Paid,2026-09-06,2026-09-24
INV-26257,S009,D05,2026-02-27,2026-03-02,2026-03-29,7376.58,Paid,2026-03-02,2026-03-04
INV-27451,S008,D05,22/02/2026,2026-02-23,2026-04-23,15119.6,Paid,2026-03-05,2026-03-18
INV-26181,S002,D04,2026-08-05,2026-08-06,2026-09-04,664.39,Paid,2026-08-10,2026-09-06
INV-27415,S013,D06,2026-05-14,2026-05-15,2026-06-13,1152.03,Paid,2026-05-15,2026-05-26
INV-27435,S010,D06,2026-03-21,2026-03-21,2026-04-04,1643.39,Paid,2026-03-24,2026-03-30
INV-26637,S012,D01,2026-01-10,2026-01-14,2026-02-24,27395.24,Paid,2026-01-16,2026-02-05
INV-26078,S015,D02,2026-09-15,2026-09-19,2026-10-15,12330.78,Paid,2026-09-20,2026-09-22
INV-27340,S002,D04,2026-03-08,2026-03-09,2026-04-07,8435.4,Rejected,,
INV-26412,S009,D05,2026-07-12,2026-07-16,2026-08-11,57182.85,Paid,2026-07-22,2026-07-27
INV-27494,S001,D01,16/07/2026,2026-07-16,2026-08-15,1689.07,Paid,2026-07-18,2026-08-02
INV-27589,S004,D03,2026-01-20,2026-01-22,2026-03-06,35909.65,Paid,2026-01-23,2026-02-10
INV-26642,S009,D05,2026-08-27,2026-08-29,2026-09-26,2989.74,Paid,2026-09-06,2026-09-21
INV-26777,S015,D02,2026-08-07,2026-08-11,2026-09-06,4771.77,Paid,2026-08-12,2026-08-21
INV-27152,S005,D03,2026-04-25,2026-04-27,2026-05-25,15257.82,Paid,2026-04-29,2026-05-04
INV-27509,S011,,2026-01-09,2026-01-11,2026-02-08,31808.12,Paid,2026-01-14,2026-01-16
INV-27019,S014,D05,2026-08-21,2026-08-23,2026-09-20,4295.74,Paid,2026-08-29,2026-09-07
INV-26297,S010,D06,2026-09-09,2026-09-10,2026-09-23,3769.41,Paid,2026-09-13,2026-09-26
INV-26819,S014,D02,2026-09-08,2026-09-12,2026-10-08,5576.09,Paid,2026-09-14,2026-09-23
INV-27248,S011,D01,2026-06-20,2026-06-24,2026-07-20,24428.67,Paid,2026-06-26,2026-06-30
INV-26344,S007,D05,2026-04-09,2026-04-14,2026-04-23,911.6,Paid,2026-05-02,2026-05-12
INV-27083,S011,D01,2026-01-27,2026-01-31,2026-02-26,16201.67,Paid,2026-02-03,2026-02-18
INV-26131,S010,D06,2026-01-31,2026-02-03,2026-02-14,3225.58,Paid,2026-02-04,2026-02-16
INV-26168,S003,D04,2026-09-17,2026-09-18,2026-10-17,2704.46,Approved,2026-09-24,
INV-26942,S005,D03,28/04/2026,2026-05-01,2026-05-28,44389.18,Paid,2026-05-02,2026-05-19
INV-27022,S001,D03,04/03/2026,2026-03-10,2026-04-03,576.21,Paid,2026-03-14,2026-04-03
INV-27579,S011,D01,02/06/2026,2026-06-02,2026-07-02,27647.63,Paid,2026-06-02,2026-06-16
INV-26050,S015,D02,2026-07-11,2026-07-15,2026-08-10,14648.32,Paid,2026-07-19,2026-07-30
INV-26935,S013,D06,2026-01-27,2026-02-01,2026-02-26,1589.21,Paid,2026-02-05,2026-02-11
INV-27422,S004,D03,2026-09-12,2026-09-17,2026-10-27,1741.03,Paid,2026-09-21,2026-09-23
INV-26543,S002,D04,2026-06-24,2026-06-28,2026-07-24,8463.65,Paid,2026-06-29,2026-07-21
INV-26855,S006,D06,2026-02-07,2026-02-09,2026-03-09,3527.78,Paid,2026-02-12,2026-02-21
INV-27538,S013,D06,2026-07-17,2026-07-17,2026-08-16,5170.17,Rejected,,
INV-26398,S002,D04,07/01/2026,2026-01-10,2026-02-06,1353.71,On Hold,,
INV-26929,S012,D01,2026-05-26,2026-05-30,2026-07-10,11605.31,Paid,2026-06-01,2026-06-16
INV-26873,S015,D02,26/04/2026,2026-04-30,2026-05-26,7980.62,Paid,2026-05-01,2026-05-05
INV-26300,S015,D02,2026-09-10,2026-09-16,2026-10-10,14271.61,Paid,2026-09-16,2026-09-26
INV-26603,S013,D06,2026-04-04,2026-04-06,2026-05-04,3094.32,Paid,2026-04-09,2026-04-16
INV-26479,S010,D06,2026-02-20,2026-02-22,2026-03-06,555.12,Paid,2026-02-24,2026-03-02
INV-27016,S002,D04,2026-01-06,2026-01-06,2026-02-05,3986.68,Paid,2026-01-09,2026-02-17
INV-27135,S003,D04,2026-06-22,2026-06-23,2026-07-22,843.8,Paid,2026-06-27,2026-07-30
INV-26592,S005,D03,2026-03-29,2026-03-30,2026-04-28,6992.58,Paid,2026-04-01,2026-04-14
INV-26417,S015,D02,2026-06-18,2026-06-18,2026-07-18,14048.83,Paid,2026-06-20,2026-07-02
INV-26997,S013,D06,2026-05-05,2026-05-08,2026-06-04,5796.66,Paid,2026-05-11,2026-05-28
INV-27350,S001,D06,2026-08-13,2026-08-13,2026-09-12,1422.58,Paid,2026-08-15,2026-08-27
INV-26529,S015,D02,2026-06-01,2026-06-01,2026-07-01,"RM 10,723.04",Paid,2026-06-01,2026-06-12
INV-26267,S011,D01,2026-08-23,2026-08-26,2026-09-22,26321.54,Paid,2026-08-28,2026-09-08
INV-26016,S008,D05,2026-07-07,2026-07-09,2026-09-05,20763.22,Paid,2026-07-13,2026-07-19
INV-26940,S009,D05,2026-06-26,2026-06-26,2026-07-26,52961.92,Paid,2026-07-10,2026-07-13
INV-26662,S011,D01,2026-02-10,2026-02-16,2026-03-12,9645.15,Paid,2026-02-17,2026-03-08
INV-27329,S011,D01,2026-06-23,2026-06-28,2026-07-23,23358.95,Paid,2026-06-29,2026-07-14
INV-26985,S005,D03,2026-07-04,2026-07-10,2026-08-03,29958.74,Paid,2026-07-11,2026-07-20
INV-26331,S014,D05,2026-09-05,2026-09-07,2026-10-05,5031.59,Approved,2026-09-21,
INV-26476,S007,D05,2026-01-05,2026-01-08,2026-01-19,1944.18,Paid,2026-01-17,2026-01-19
INV-27151,S009,D05,2026-06-02,2026-06-08,2026-07-02,43152.01,Paid,2026-06-08,2026-06-18
INV-26261,S002,D04,2026-09-09,2026-09-09,2026-10-09,3556.74,Approved,2026-09-15,
INV-27121,S005,D03,2026-06-30,2026-07-02,2026-07-30,5043.29,Paid,2026-07-03,2026-07-20
INV-26239,S013,D06,27/08/2026,2026-08-29,2026-09-26,2016.83,Paid,2026-08-30,2026-09-08
INV-26555,S013,D06,2026-03-21,2026-03-25,2026-04-20,10219.95,Rejected,,
INV-26759,S007,D04,2026-03-25,2026-03-28,2026-04-08,415.02,Paid,2026-03-30,2026-04-05
INV-26633,S001,D06,2026-05-30,2026-06-05,2026-06-29,1780.43,Paid,2026-06-09,2026-06-13
INV-26527,S011,D01,23/04/2026,2026-04-26,2026-05-23,10771.39,Paid,2026-04-28,2026-05-11
INV-26352,S007,D05,2026-01-04,2026-01-08,2026-01-18,1600.31,Paid,2026-01-17,2026-02-01
INV-26834,S001,D04,2026-04-28,2026-05-02,2026-05-28,124.85,Paid,2026-05-06,2026-05-11
INV-26992,S003,D04,2026-05-23,2026-05-28,2026-06-22,8178.16,On Hold,,
INV-26586,S014,D02,2026-08-17,2026-08-18,2026-09-16,5309.39,Paid,2026-08-21,2026-08-30
INV-26631,S007,D04,2026-02-09,2026-02-09,2026-02-23,2744.15,Paid,2026-02-14,2026-02-20
INV-27482,S002,D04,2026-05-27,2026-06-02,2026-06-26,8842.0,Paid,2026-06-07,2026-07-02
INV-26778,S001,D04,2026-08-24,2026-08-26,2026-09-23,1388.08,Paid,2026-09-01,2026-09-18
INV-27593,S007,D02,2026-09-23,2026-09-24,2026-10-07,3437.01,Pending Approval,,
INV-27186,S002,D04,2026-06-20,2026-06-20,2026-07-20,5376.96,Paid,2026-06-21,2026-07-15
INV-26125,S012,D01,25/06/2026,2026-06-26,2026-08-09,30189.16,Paid,2026-06-27,2026-07-17
INV-26229,S014,D02,2026-07-03,2026-07-08,2026-08-02,2970.21,Paid,2026-07-11,2026-07-23
INV-27182,S005,D03,2026-03-15,2026-03-20,2026-04-14,19902.81,Paid,2026-03-21,2026-04-09
INV-26432,S015,D02,2026-04-26,2026-04-28,2026-05-26,6749.54,Paid,2026-05-03,2026-05-07
INV-27116,S012,D01,2026-07-30,2026-08-04,2026-09-13,26722.42,Paid,2026-08-05,2026-08-09
INV-27114,S001,D01,2026-05-25,2026-05-31,2026-06-24,1379.26,Paid,2026-06-01,2026-06-07
INV-27014,S008,D05,2026-06-26,2026-07-02,2026-08-25,7339.54,Paid,2026-07-19,2026-07-21
INV-27045,S005,D03,2026-02-22,2026-02-23,2026-03-24,30806.41,Paid,2026-02-24,2026-03-08
INV-27439,S014,D04,21/02/2026,2026-02-27,2026-03-23,2987.57,Paid,2026-03-03,2026-03-05
INV-26443,S013,D06,2026-04-04,2026-04-08,2026-05-04,6094.03,Paid,2026-04-10,2026-04-30
INV-26539,S008,D05,2026-04-08,2026-04-14,2026-06-07,26618.04,Paid,2026-04-20,2026-05-10
INV-27015,S001,D05,2026-04-16,2026-04-19,2026-05-16,2305.41,Paid,2026-05-02,2026-05-12
INV-26535,S003,D04,2026-05-08,2026-05-08,2026-06-07,8335.72,Paid,2026-05-09,2026-06-14
INV-27535,S003,D04,25/05/2026,2026-05-29,2026-06-24,7176.59,Paid,2026-06-05,2026-07-02
INV-27247,S013,D06,2026-09-08,2026-09-08,2026-10-08,7394.49,Paid,2026-09-11,2026-09-26
INV-26298,S005,D03,2026-02-14,2026-02-20,2026-03-16,11532.0,Paid,2026-02-22,2026-02-26
INV-26573,S005,D03,30/03/2026,2026-04-05,2026-04-29,10002.89,Paid,2026-04-08,2026-04-16
INV-26065,S008,D05,2026-05-08,2026-05-08,2026-07-07,33557.34,Paid,2026-05-18,2026-05-23
INV-27198,S015,D02,2026-05-01,2026-05-07,2026-05-31,5403.52,Paid,2026-05-09,2026-05-29
INV-26170,S010,D06,2026-09-18,2026-09-24,2026-10-02,4725.21,Pending Approval,,
INV-26823,S013,D06,2026-05-01,2026-05-04,2026-05-31,10866.38,Paid,2026-05-06,2026-05-11
INV-26465,S003,D04,2026-03-16,2026-03-19,2026-04-15,5433.43,Paid,2026-03-23,2026-05-07
INV-27332,S007,D05,2026-07-02,2026-07-05,2026-07-16,2765.37,Paid,2026-07-18,2026-07-25
INV-26438,S012,D01,2026-08-28,2026-08-28,2026-10-12,14233.14,Paid,2026-08-28,2026-09-15
INV-27044,S001,D05,25/08/2026,2026-08-26,2026-09-24,658.66,Paid,2026-09-10,2026-09-26
INV-26894,S002,D04,2026-03-27,2026-04-01,2026-04-26,6396.99,Paid,2026-04-04,2026-04-29
INV-26041,S004,D03,2026-03-05,2026-03-05,2026-04-19,30361.53,Paid,2026-03-08,2026-03-20
INV-26480,S005,D03,27/02/2026,2026-03-02,2026-03-29,5551.06,Paid,2026-03-04,2026-03-22
INV-27085,S006,D06,2026-02-26,2026-03-02,2026-03-28,"RM 9,166.85",Paid,2026-03-06,2026-03-10
INV-27406,S001,D01,2026-03-31,2026-04-04,2026-04-30,1557.06,Paid,2026-04-06,2026-04-24
INV-27307,S002,D04,2026-01-15,2026-01-17,2026-02-14,8194.37,Paid,2026-01-24,2026-02-15
INV-27036,S013,D06,2026-01-29,2026-02-03,2026-02-28,1620.75,Paid,2026-02-07,2026-02-19
INV-26346,S014,D05,2026-08-09,2026-08-14,2026-09-08,1115.49,On Hold,,
INV-26742,S004,D03,2026-07-13,2026-07-14,2026-08-27,18695.12,Paid,2026-07-16,2026-07-23
INV-27362,S001,D05,2026-03-12,2026-03-16,2026-04-11,819.33,Paid,2026-03-29,2026-04-15
INV-26528,S001,D06,28/01/2026,2026-01-28,2026-02-27,252.45,Paid,2026-01-30,2026-02-16
INV-27275,S003,D04,2026-04-26,2026-05-02,2026-05-26,4960.39,Paid,2026-05-03,2026-06-16
INV-27123,S010,D06,2026-03-24,2026-03-28,2026-04-07,2013.2,Paid,2026-03-28,2026-04-08
INV-26215,S001,D06,2026-08-10,2026-08-12,2026-09-09,86.52,Paid,2026-08-15,2026-08-19
INV-27143,S001,D01,09/08/2026,2026-08-10,2026-09-08,198.45,Paid,2026-08-13,2026-08-29
INV-27503,S009,D05,18/06/2026,2026-06-23,2026-07-18,34197.15,Paid,2026-07-11,2026-07-30
INV-26587,S004,D03,2026-05-19,2026-05-24,2026-07-03,27261.3,Paid,2026-05-25,2026-06-12
INV-26341,S015,D02,2026-02-23,2026-02-24,2026-03-25,"RM 13,289.31",Paid,2026-02-25,2026-03-12
INV-27485,S014,D04,2026-08-01,2026-08-07,2026-08-31,557.51,Paid,2026-08-10,2026-08-25
INV-26011,S003,D04,2026-06-07,2026-06-08,2026-07-07,3995.41,Paid,2026-06-15,2026-07-21
INV-26440,S015,D02,2026-04-29,2026-05-01,2026-05-29,9914.97,Paid,2026-05-05,2026-05-22
INV-26806,S007,D05,2026-05-14,2026-05-14,2026-05-28,2094.05,Paid,2026-05-16,2026-05-28
INV-27100,S003,D04,2026-05-30,2026-05-31,2026-06-29,5489.24,Paid,2026-06-04,2026-07-03
INV-26290,S015,D02,2026-09-02,2026-09-04,2026-10-02,6594.8,Paid,2026-09-04,2026-09-20
INV-26192,S002,D04,2026-07-06,2026-07-06,2026-08-05,4211.86,Paid,2026-07-09,2026-08-15
INV-26086,S011,D01,2026-07-22,2026-07-24,2026-08-21,22877.99,Paid,2026-07-26,2026-08-05
INV-27172,S003,D04,2026-06-14,2026-06-19,2026-07-14,5270.55,Paid,2026-06-21,2026-07-13
INV-26504,S010,D06,2026-05-01,2026-05-06,2026-05-15,2745.03,Paid,2026-05-08,2026-05-15
INV-26090,S007,D05,2026-02-23,2026-02-28,2026-03-09,907.25,Paid,2026-03-12,2026-03-14
INV-26493,S010,D06,2026-03-19,2026-03-20,2026-04-02,5685.09,Paid,2026-03-23,2026-04-12
INV-26378,S004,D03,2026-06-07,2026-06-13,2026-07-22,34740.85,Paid,2026-06-15,2026-06-25
INV-26354,S011,D01,2026-01-01,2026-01-02,2026-01-31,4913.35,Paid,2026-01-05,2026-01-16
INV-26131,S010,D06,2026-01-31,2026-02-03,2026-02-14,3225.58,Paid,2026-02-04,2026-02-16
INV-27370,S009,D05,2026-05-26,2026-05-26,2026-06-25,21386.45,Paid,2026-05-27,2026-06-12
INV-26422,S001,D05,2026-02-05,2026-02-11,2026-03-07,RM 833.61,Paid,2026-02-19,2026-03-05
INV-26523,S003,,2026-04-22,2026-04-23,2026-05-22,7853.9,Paid,2026-05-01,2026-05-29
INV-27259,S013,D06,26/04/2026,2026-05-02,2026-05-26,11473.32,Paid,2026-05-04,2026-05-14
INV-27237,S009,D05,2026-08-31,2026-09-01,2026-09-30,34749.5,Paid,2026-09-19,2026-09-22
INV-27190,S013,D06,2026-02-11,2026-02-15,2026-03-13,11224.87,Paid,2026-02-18,2026-02-26
INV-27260,S002,D04,2026-05-24,2026-05-25,2026-06-23,7607.85,Rejected,,
INV-26101,S001,D02,2026-03-19,2026-03-25,2026-04-18,781.44,Paid,2026-03-29,2026-04-16
INV-26787,S008,D05,2026-03-17,2026-03-20,2026-05-16,42735.38,Paid,2026-03-27,2026-04-14
INV-26843,S005,D03,02/01/2026,2026-01-02,2026-02-01,13696.47,Paid,2026-01-03,2026-01-13
INV-27243,S011,D01,2026-06-16,2026-06-19,2026-07-16,11744.09,Paid,2026-06-20,2026-07-06
INV-26683,S005,D03,2026-03-14,2026-03-17,2026-04-13,5005.76,Paid,2026-03-22,2026-04-11
INV-26122,S007,D02,2026-08-09,2026-08-13,2026-08-23,990.77,Paid,2026-08-16,2026-08-25
INV-27330,S012,,2026-01-01,2026-01-03,2026-02-15,14164.38,Paid,2026-01-05,2026-01-13
INV-26898,S009,D05,22/06/2026,2026-06-28,2026-07-22,24948.31,Paid,2026-07-21,2026-07-29
INV-26502,S013,D06,11/09/2026,2026-09-13,2026-10-11,3512.38,Approved,2026-09-18,
INV-26362,S001,D04,10/09/2026,2026-09-11,2026-10-10,617.5,Approved,2026-09-16,
INV-27590,S007,D04,2026-03-24,2026-03-27,2026-04-07,1426.22,Paid,2026-03-30,2026-04-04
INV-26861,S004,D03,05/09/2026,2026-09-07,2026-10-20,7650.02,Paid,2026-09-09,2026-09-18
INV-27185,S009,D05,2026-03-16,2026-03-16,2026-04-15,19174.31,Rejected,,
INV-26202,S004,D03,2026-05-21,2026-05-25,2026-07-05,43942.05,Paid,2026-05-28,2026-06-01
INV-26441,S012,D01,2026-05-26,2026-05-26,2026-07-10,24870.33,Paid,2026-05-27,2026-05-31
INV-26933,S001,D05,2026-02-23,2026-02-23,2026-03-25,173.38,Paid,2026-03-10,2026-03-14
INV-27445,S002,D04,2026-06-23,2026-06-24,2026-07-23,7549.25,Paid,2026-06-29,2026-07-17
INV-27533,S011,D01,2026-04-27,2026-04-30,2026-05-27,22321.65,Paid,2026-05-01,2026-05-21
INV-26010,S010,D06,2026-06-11,2026-06-12,2026-06-25,3057.44,Paid,2026-06-15,2026-06-19
INV-27118,S005,D03,2026-01-21,2026-01-22,2026-02-20,13206.47,Paid,2026-01-27,2026-01-30
INV-27366,S015,D02,2026-04-29,2026-05-05,2026-05-29,13881.44,Paid,2026-05-09,2026-05-19
INV-27245,S014,D05,2026-03-31,2026-03-31,2026-04-30,2165.62,Paid,2026-04-11,2026-04-17
INV-26301,S012,D01,2026-07-09,2026-07-15,2026-08-23,19846.21,Paid,2026-07-16,2026-07-19
INV-27297,S013,D06,2026-02-28,2026-03-01,2026-03-30,4668.18,Paid,2026-03-06,2026-03-13
INV-26345,S012,D01,2026-03-28,2026-03-28,2026-05-12,4723.87,Paid,2026-03-29,2026-04-02
INV-26632,S005,D03,2026-08-25,2026-08-31,2026-09-24,30084.18,Paid,2026-09-01,2026-09-20
INV-26085,S001,D02,2026-05-27,2026-05-31,2026-06-26,1615.22,Paid,2026-06-03,2026-06-20
INV-26145,S004,D03,2026-03-02,2026-03-03,2026-04-16,33805.41,Paid,2026-03-07,2026-03-18
INV-27008,S013,D06,2026-06-30,2026-06-30,2026-07-30,2218.96,Paid,2026-07-05,2026-07-18
INV-27150,S013,D06,2026-04-27,2026-05-02,2026-05-27,"RM 4,388.83",Paid,2026-05-05,2026-05-07
INV-26186,S010,D06,2026-07-24,2026-07-25,2026-08-07,4849.33,Paid,2026-07-26,2026-08-11
INV-27428,S006,D06,2026-04-28,2026-05-03,2026-05-28,7545.48,Paid,2026-05-05,2026-05-10
INV-26687,S007,,05/04/2026,2026-04-11,2026-04-19,2467.77,Paid,2026-04-14,2026-05-02
INV-26447,S003,D04,11/02/2026,2026-02-11,2026-03-13,4619.73,Paid,2026-02-12,2026-03-23
INV-27053,S003,D04,2026-06-25,2026-06-26,2026-07-25,4637.68,Paid,2026-06-28,2026-07-27
INV-26355,S003,D04,23/02/2026,2026-03-01,2026-03-25,6698.04,Paid,2026-03-04,2026-03-24
INV-27074,S010,D06,2026-03-12,2026-03-13,2026-03-26,1555.63,Paid,2026-03-15,2026-03-24
INV-26685,S007,D05,2026-06-24,2026-06-25,2026-07-08,1461.31,Paid,2026-07-05,2026-07-19
INV-26188,S010,D06,2026-06-27,2026-07-01,2026-07-11,3618.33,Paid,2026-07-03,2026-07-22
INV-26755,S001,D01,2026-08-13,2026-08-18,2026-09-12,318.17,Paid,2026-08-18,2026-09-03
INV-26200,S007,D02,2026-08-25,2026-08-26,2026-09-08,2869.02,Paid,2026-08-28,2026-09-10
INV-27500,S009,D05,2026-07-04,2026-07-06,2026-08-03,58352.95,Paid,2026-07-15,2026-07-17
INV-27106,S014,D02,2026-09-05,2026-09-06,2026-10-05,838.2,Paid,2026-09-06,2026-09-15
INV-27471,S015,D02,2026-03-07,2026-03-10,2026-04-06,12239.33,Paid,2026-03-13,2026-04-01
INV-26273,S001,D01,2026-03-17,2026-03-21,2026-04-16,1480.71,Paid,2026-03-22,2026-04-06
INV-27126,S002,D04,2026-09-12,2026-09-16,2026-10-12,2690.14,Approved,2026-09-22,
INV-27552,S015,D02,04/09/2026,2026-09-05,2026-10-04,9549.42,Paid,2026-09-08,2026-09-18
INV-26116,S014,D05,29/08/2026,2026-08-31,2026-09-28,3593.49,Paid,2026-09-11,2026-09-25
INV-26899,S007,D02,2026-05-09,2026-05-14,2026-05-23,2593.12,Paid,2026-05-20,2026-06-09
INV-27498,S004,D03,2026-05-30,2026-05-30,2026-07-14,14845.71,Paid,2026-06-01,2026-06-18
INV-26393,S012,D01,2026-01-02,2026-01-04,2026-02-16,21459.36,Paid,2026-01-06,2026-01-17
INV-26852,S007,D04,2026-09-19,2026-09-21,2026-10-03,2071.51,Rejected,,
INV-27556,S008,D05,2026-07-06,2026-07-07,2026-09-04,14354.56,Paid,2026-07-14,2026-07-19
INV-26047,S004,D03,2026-02-05,2026-02-10,2026-03-22,14999.79,Paid,2026-02-10,2026-02-25
INV-26959,S013,D06,2026-01-09,2026-01-12,2026-02-08,9089.65,Paid,2026-01-14,2026-01-21
INV-26583,S012,D01,2026-01-19,2026-01-25,2026-03-05,31027.59,Paid,2026-01-27,2026-01-29
INV-26725,S010,D06,2026-09-01,2026-09-05,2026-09-15,889.41,Paid,2026-09-07,2026-09-15
INV-27180,S006,D06,2026-08-28,2026-09-02,2026-09-27,8262.66,Paid,2026-09-02,2026-09-16
INV-27162,S008,D05,2026-09-10,2026-09-15,2026-11-09,5598.13,Pending Approval,,
INV-26718,S011,D01,2026-01-28,2026-02-02,2026-02-27,20321.2,Paid,2026-02-03,2026-02-17
INV-26657,S008,D05,18/01/2026,2026-01-23,2026-03-19,46180.1,Paid,2026-02-05,2026-02-14
INV-26974,S006,D06,2026-03-18,2026-03-24,2026-04-17,5647.77,Paid,2026-03-27,2026-04-07
INV-26375,S004,D03,2026-02-22,2026-02-25,2026-04-08,30335.66,Paid,2026-02-27,2026-03-12
INV-27107,S005,D03,2026-05-23,2026-05-27,2026-06-22,37278.98,Paid,2026-05-30,2026-06-12
INV-26175,S015,D02,02/04/2026,2026-04-06,2026-05-02,11906.99,Paid,2026-04-08,2026-04-24
INV-26394,S007,D04,2026-05-07,2026-05-08,2026-05-21,RM 951.81,Paid,2026-05-08,2026-05-27
INV-26189,S007,D02,2026-09-16,2026-09-22,2026-09-30,3335.02,Approved,2026-09-23,
INV-27418,S006,D06,2026-06-25,2026-06-30,2026-07-25,7097.05,Paid,2026-07-02,2026-07-10
INV-27450,S010,D06,2026-08-04,2026-08-05,2026-08-18,"RM 1,211.20",Paid,2026-08-10,2026-08-29
INV-27511,S013,D06,2026-08-23,2026-08-27,2026-09-22,1752.76,Paid,2026-08-30,2026-09-09
INV-26859,S008,D05,2026-04-07,2026-04-11,2026-06-06,52319.26,Paid,2026-04-14,2026-04-19
INV-27154,S011,D01,2026-06-27,2026-07-03,2026-07-27,16927.0,Paid,2026-07-05,2026-07-12
INV-27468,S013,D06,2026-06-19,2026-06-21,2026-07-19,6572.14,Paid,2026-06-23,2026-07-13
INV-26658,S014,D04,2026-02-25,2026-03-03,2026-03-27,6616.24,Paid,2026-03-08,2026-03-10
INV-27301,S011,D01,2026-07-16,2026-07-21,2026-08-15,14751.57,Paid,2026-07-22,2026-08-02
INV-27318,S011,D01,2026-09-17,2026-09-18,2026-10-17,33894.76,Approved,2026-09-20,
INV-27563,S012,D01,11/02/2026,2026-02-12,2026-03-28,11210.02,Paid,2026-02-14,2026-02-22
INV-27454,S008,D05,2026-06-21,2026-06-24,2026-08-20,18517.19,Paid,2026-07-01,2026-07-14
INV-27408,S012,D01,2026-01-13,2026-01-13,2026-02-27,22513.08,Paid,2026-01-13,2026-01-30
INV-27455,S001,D01,2026-08-05,2026-08-05,2026-09-04,1055.19,Paid,2026-08-06,2026-08-11
INV-27156,S012,D01,2026-06-04,2026-06-09,2026-07-19,21076.94,Paid,2026-06-12,2026-06-26
INV-26274,S011,D01,28/05/2026,2026-06-01,2026-06-27,24539.08,On Hold,,
INV-26978,S010,D06,2026-08-25,2026-08-31,2026-09-08,4977.02,Paid,2026-09-03,2026-09-21
INV-26468,S011,D01,2026-07-25,2026-07-29,2026-08-24,"RM 7,598.29",Paid,2026-07-29,2026-08-11
INV-26246,S011,D01,18/04/2026,2026-04-22,2026-05-18,31543.99,Paid,2026-04-23,2026-05-08
INV-26738,S009,D05,05/04/2026,2026-04-09,2026-05-05,39165.59,Paid,2026-04-25,2026-04-29
INV-27058,S013,D06,2026-05-12,2026-05-13,2026-06-11,7588.81,Paid,2026-05-18,2026-05-24
INV-27436,S013,D06,2026-05-27,2026-05-30,2026-06-26,1164.66,Paid,2026-06-03,2026-06-06
INV-27050,S002,D04,2026-09-15,2026-09-17,2026-10-15,5489.69,Approved,2026-09-22,
INV-26206,S015,D02,2026-06-25,2026-06-25,2026-07-25,4943.01,Paid,2026-06-26,2026-06-29
INV-27160,S006,D06,2026-01-29,2026-02-02,2026-02-28,2723.83,Paid,2026-02-05,2026-02-08
INV-27187,S005,D03,2026-03-25,2026-03-30,2026-04-24,20862.78,Paid,2026-03-30,2026-04-15
INV-26083,S008,D05,2026-09-26,2026-09-26,2026-11-25,25979.0,Pending Approval,,
INV-27004,S012,D01,2026-06-29,2026-07-01,2026-08-13,31329.11,Paid,2026-07-03,2026-07-18
INV-26393,S012,D01,2026-01-02,2026-01-04,2026-02-16,21459.36,Paid,2026-01-06,2026-01-17
INV-26547,S010,D06,2026-01-27,2026-02-02,2026-02-10,3239.67,Paid,2026-02-05,2026-02-22
INV-26296,S001,D01,05/04/2026,2026-04-09,2026-05-05,805.15,Paid,2026-04-10,2026-04-29
INV-26722,S014,D05,2026-08-28,2026-09-01,2026-09-27,6665.82,Paid,2026-09-09,2026-09-12
INV-26951,S008,D05,31/01/2026,2026-01-31,2026-04-01,55519.57,Paid,2026-02-11,2026-02-27
INV-26221,S001,D06,2026-02-06,2026-02-12,2026-03-08,1890.44,Paid,2026-02-14,2026-03-03
INV-26406,S004,D03,2026-01-02,2026-01-07,2026-02-16,32333.85,Paid,2026-01-07,2026-01-24
INV-26615,S004,D03,2026-01-10,2026-01-10,2026-02-24,"RM 14,153.91",Paid,2026-01-12,2026-01-22
INV-27321,S002,D04,2026-04-08,2026-04-09,2026-05-08,1139.41,Paid,2026-04-14,2026-05-08
INV-27117,S009,D05,2026-06-10,2026-06-12,2026-07-10,9952.44,Paid,2026-06-27,2026-07-15
INV-26830,S012,D01,2026-04-28,2026-05-01,2026-06-12,31898.51,Paid,2026-05-01,2026-05-12
INV-26854,S013,D06,2026-02-17,2026-02-18,2026-03-19,2771.16,Paid,2026-02-21,2026-02-26
INV-26207,S011,D01,2026-09-05,2026-09-06,2026-10-05,31986.16,Paid,2026-09-08,2026-09-24
INV-26324,S013,D06,2026-08-27,2026-08-30,2026-09-26,5909.85,Paid,2026-09-02,2026-09-06
INV-27073,S001,D02,2026-04-02,2026-04-08,2026-05-02,1551.33,Paid,2026-04-11,2026-04-24
INV-26857,S005,D03,2026-05-27,2026-05-29,2026-06-26,37432.92,Paid,2026-05-31,2026-06-14
INV-26965,S008,D05,2026-08-15,2026-08-17,2026-10-14,38153.15,Paid,2026-08-25,2026-08-27
INV-26473,S009,D05,2026-08-18,2026-08-19,2026-09-17,"RM 46,187.94",Paid,2026-09-01,2026-09-21
INV-27254,S014,D02,2026-01-03,2026-01-09,2026-02-02,5638.6,Paid,2026-01-12,2026-01-27
INV-26166,S008,D05,2026-08-09,2026-08-13,2026-10-08,43632.53,On Hold,,
INV-26006,S011,D01,2026-09-19,2026-09-22,2026-10-19,33588.99,Approved,2026-09-24,
INV-26768,S012,D01,2026-01-11,2026-01-13,2026-02-25,7296.25,Paid,2026-01-14,2026-01-25
INV-27039,S013,D06,2026-05-10,2026-05-15,2026-06-09,6711.87,Paid,2026-05-17,2026-05-19
INV-26750,S011,D01,2026-02-28,2026-02-28,2026-03-30,13670.76,Paid,2026-03-04,2026-03-14
INV-26042,S011,D01,2026-06-02,2026-06-08,2026-07-02,28494.94,Paid,2026-06-10,2026-06-19
INV-27086,S007,D05,2026-03-23,2026-03-23,2026-04-06,3411.03,Paid,2026-03-29,2026-04-11
INV-26164,S012,D01,2026-01-25,2026-01-27,2026-03-11,28687.68,Paid,2026-01-28,2026-02-01
INV-26263,S002,D04,2026-05-21,2026-05-27,2026-06-20,6328.46,Paid,2026-06-03,2026-06-28
INV-26029,S004,D03,2026-05-12,2026-05-14,2026-06-26,6292.89,Paid,2026-05-16,2026-05-30
INV-26802,S013,D06,2026-05-23,2026-05-29,2026-06-22,6134.15,Paid,2026-05-31,2026-06-14
INV-26410,S007,D04,2026-08-03,2026-08-03,2026-08-17,2381.49,Paid,2026-08-06,2026-08-11
INV-27595,S013,D06,2026-06-26,2026-06-27,2026-07-26,10166.64,Paid,2026-06-30,2026-07-14
INV-27504,S005,D03,2026-03-27,2026-04-02,2026-04-26,34343.23,Paid,2026-04-04,2026-04-24
INV-27600,S007,D05,29/05/2026,2026-06-01,2026-06-12,1221.37,Paid,2026-06-09,2026-06-17
INV-27096,S015,D02,2026-07-28,2026-08-03,2026-08-27,2387.27,On Hold,,
INV-27193,S010,D06,2026-02-01,2026-02-05,2026-02-15,1582.49,Paid,2026-02-08,2026-02-18
INV-27537,S005,D03,2026-08-29,2026-08-31,2026-09-28,8232.33,Paid,2026-09-04,2026-09-09
INV-27581,S009,D05,2026-06-23,2026-06-27,2026-07-23,24316.12,Paid,2026-07-01,2026-07-21
INV-26518,S001,,2026-01-28,2026-02-01,2026-02-27,827.1,Paid,2026-02-01,2026-02-16
INV-26079,S006,D06,04/06/2026,2026-06-04,2026-07-04,7733.08,Paid,2026-06-04,2026-06-09
INV-26111,S007,D04,2026-06-06,2026-06-11,2026-06-20,160.85,Paid,2026-06-15,2026-07-04
INV-26317,S015,D02,2026-07-11,2026-07-17,2026-08-10,7644.34,Paid,2026-07-20,2026-08-03
INV-26464,S008,D05,2026-03-25,2026-03-26,2026-05-24,43899.1,Paid,2026-04-02,2026-04-15
INV-27577,S008,D05,2026-03-25,2026-03-28,2026-05-24,"RM 2,010.52",Paid,2026-03-31,2026-04-06
INV-26952,S015,D02,2026-01-19,2026-01-25,2026-02-18,"RM 14,685.83",Paid,2026-01-30,2026-02-01
INV-26794,S003,D04,2026-06-10,2026-06-12,2026-07-10,3328.43,Paid,2026-06-18,2026-07-25
INV-26541,S003,D04,2026-08-08,2026-08-13,2026-09-07,8406.98,Approved,2026-08-16,
INV-27284,S001,D03,2026-07-18,2026-07-24,2026-08-17,801.57,Paid,2026-07-28,2026-08-14
INV-26343,S010,D06,2026-04-02,2026-04-04,2026-04-16,5110.83,Paid,2026-04-08,2026-04-13
INV-26151,S002,D04,2026-08-13,2026-08-15,2026-09-12,3973.01,Paid,2026-08-17,2026-09-05
INV-27489,S012,D01,2026-09-20,2026-09-20,2026-11-04,21473.7,Approved,2026-09-20,
INV-26982,S001,D02,2026-05-16,2026-05-17,2026-06-15,404.34,Paid,2026-05-18,2026-05-31
INV-26142,S012,D01,2026-05-06,2026-05-07,2026-06-20,21183.95,Paid,2026-05-10,2026-05-21
INV-27449,S003,D04,2026-05-25,2026-05-28,2026-06-24,2404.63,Paid,2026-06-03,2026-06-28
INV-26289,S015,D02,2026-08-31,2026-08-31,2026-09-30,1159.91,Rejected,,
INV-26196,S012,D01,2026-09-16,2026-09-16,2026-10-31,26648.88,Approved,2026-09-18,
INV-26418,S014,D02,2026-06-10,2026-06-16,2026-07-10,7255.95,Paid,2026-06-19,2026-07-09
INV-26226,S004,D03,2026-07-06,2026-07-06,2026-08-20,10368.9,Paid,2026-07-07,2026-07-12
INV-27543,S011,D01,28/05/2026,2026-05-30,2026-06-27,6543.9,Paid,2026-05-31,2026-06-14
INV-26624,S002,D04,2026-07-25,2026-07-29,2026-08-24,3238.01,Paid,2026-08-02,2026-08-24
INV-27464,S015,D02,2026-08-30,2026-08-31,2026-09-29,5607.87,Paid,2026-09-02,2026-09-11
INV-26656,S009,D05,25/03/2026,2026-03-28,2026-04-24,17381.16,Paid,2026-04-07,2026-04-21
INV-26648,S013,D06,2026-03-27,2026-03-30,2026-04-26,9983.61,Paid,2026-03-30,2026-04-16
INV-26399,S008,D05,26/03/2026,2026-03-28,2026-05-25,21851.92,Paid,2026-04-03,2026-04-21
INV-27386,S012,D01,23/02/2026,2026-02-23,2026-04-09,19799.92,Paid,2026-02-24,2026-02-26
INV-27453,S009,D05,2026-08-13,2026-08-16,2026-09-12,10947.63,Paid,2026-09-01,2026-09-05
INV-26608,S015,D02,2026-08-29,2026-08-31,2026-09-28,2029.82,Paid,2026-09-06,2026-09-25
INV-26435,S011,D01,2026-08-15,2026-08-19,2026-09-14,26476.04,Paid,2026-08-21,2026-09-03
INV-26167,S009,D05,2026-09-19,2026-09-20,2026-10-19,"RM 48,193.68",Pending Approval,,
INV-26864,S013,D06,2026-05-06,2026-05-12,2026-06-05,5421.42,Paid,2026-05-14,2026-05-30
INV-27567,S001,D02,2026-02-21,2026-02-24,2026-03-23,1128.44,Paid,2026-02-26,2026-02-28
INV-26996,S011,D01,03/03/2026,2026-03-05,2026-04-02,13653.37,Paid,2026-03-06,2026-03-19
INV-26892,S014,D04,01/02/2026,2026-02-04,2026-03-03,4148.24,Paid,2026-02-09,2026-02-20
INV-26372,S001,D04,2026-07-27,2026-07-30,2026-08-26,1660.08,Paid,2026-08-02,2026-08-21
INV-27153,S007,D05,2026-04-04,2026-04-04,2026-04-18,3498.3,Paid,2026-04-21,2026-05-11
INV-26627,S014,D04,2026-02-22,2026-02-26,2026-03-24,6654.68,Paid,2026-03-01,2026-03-18
INV-26017,S003,D04,2026-04-17,2026-04-18,2026-05-17,6625.75,Paid,2026-04-19,2026-05-21
INV-26366,S009,D05,2026-07-14,2026-07-20,2026-08-13,55406.9,Paid,2026-08-05,2026-08-18
INV-26939,S010,D06,2026-06-07,2026-06-12,2026-06-21,3647.56,Paid,2026-06-16,2026-06-25
INV-27054,S004,D03,28/06/2026,2026-06-29,2026-08-12,13835.86,Paid,2026-07-02,2026-07-12
INV-26932,S008,D05,26/08/2026,2026-09-01,2026-10-25,3860.97,Paid,2026-09-04,2026-09-19
INV-27437,S007,D02,20/02/2026,2026-02-20,2026-03-06,"RM 1,911.47",Paid,2026-02-21,2026-03-06
INV-27399,S007,D04,2026-08-24,2026-08-29,2026-09-07,2781.29,Paid,2026-09-04,2026-09-24
INV-27124,S008,D05,11/07/2026,2026-07-12,2026-09-09,31159.52,Paid,2026-07-13,2026-07-28
INV-27499,S007,D05,2026-08-25,2026-08-31,2026-09-08,2513.75,Paid,2026-09-05,2026-09-21
INV-26094,S013,D06,10/03/2026,2026-03-16,2026-04-09,971.78,Paid,2026-03-18,2026-03-23
INV-26702,S009,D05,2026-02-26,2026-02-26,2026-03-28,29122.02,On Hold,,
INV-27020,S011,D01,12/08/2026,2026-08-18,2026-09-11,34582.24,Paid,2026-08-19,2026-09-01
INV-27069,S001,D05,2026-04-29,2026-05-01,2026-05-29,82.15,Paid,2026-05-06,2026-05-26
INV-27328,S004,D03,2026-06-27,2026-07-03,2026-08-11,39278.98,Paid,2026-07-06,2026-07-24
INV-26360,S003,D04,2026-05-28,2026-05-28,2026-06-27,4445.74,Paid,2026-06-02,2026-06-29
INV-26397,S007,D05,2026-03-20,2026-03-23,2026-04-03,3978.9,Paid,2026-04-02,2026-04-15
INV-26552,S001,D06,2026-01-30,2026-02-01,2026-03-01,"RM 2,285.03",Paid,2026-02-02,2026-02-19
INV-26140,S007,D02,2026-04-12,2026-04-17,2026-04-26,2191.06,Paid,2026-04-19,2026-04-30
INV-27169,S011,D01,2026-03-12,2026-03-13,2026-04-11,22248.23,Paid,2026-03-14,2026-03-20
INV-27403,S008,D05,2026-06-15,2026-06-16,2026-08-14,"RM 49,359.98",Paid,2026-06-27,2026-06-30
INV-27411,S009,D05,2026-06-01,2026-06-02,2026-07-01,12569.57,Paid,2026-06-07,2026-06-15
INV-27089,S012,D01,2026-09-19,2026-09-23,2026-11-03,3723.65,Approved,2026-09-26,
INV-27520,S008,D05,2026-06-29,2026-07-02,2026-08-28,12373.09,Paid,2026-07-03,2026-07-13
INV-26139,S002,D04,2026-04-05,2026-04-06,2026-05-05,3536.91,Paid,2026-04-14,2026-05-15
INV-26609,S001,D05,2026-05-09,2026-05-09,2026-06-08,1313.3,Paid,2026-05-24,2026-06-08
INV-26945,S002,D04,2026-09-07,2026-09-09,2026-10-07,"RM 7,656.32",Approved,2026-09-10,
INV-27274,S015,D02,2026-05-31,2026-05-31,2026-06-30,12819.12,Paid,2026-06-02,2026-06-18
INV-26884,S002,D04,2026-09-12,2026-09-12,2026-10-12,6703.38,Approved,2026-09-17,
INV-26368,S015,D02,15/09/2026,2026-09-18,2026-10-15,"RM 10,201.47",Approved,2026-09-22,
INV-26827,S011,D01,2026-01-01,2026-01-05,2026-01-31,20494.01,Paid,2026-01-07,2026-01-20
INV-27175,S014,D02,2026-09-17,2026-09-21,2026-10-17,1143.05,Approved,2026-09-24,
INV-26602,S006,D06,2026-02-23,2026-02-23,2026-03-25,10830.91,Paid,2026-02-25,2026-03-15
INV-27000,S004,D03,04/01/2026,2026-01-05,2026-02-18,"RM 42,772.20",Paid,2026-01-06,2026-01-13
INV-27068,S008,D05,2026-01-08,2026-01-12,2026-03-09,46995.98,Paid,2026-01-20,2026-02-07
INV-26781,S011,D01,2026-06-08,2026-06-09,2026-07-08,28387.72,Paid,2026-06-11,2026-06-14
INV-27337,S005,D03,2026-09-15,2026-09-16,2026-10-15,1685.96,Approved,2026-09-20,
INV-27542,S004,D03,19/09/2026,2026-09-25,2026-11-03,30885.19,Rejected,,
INV-26526,S013,D06,2026-07-29,2026-07-30,2026-08-28,"RM 4,038.67",Paid,2026-08-02,2026-08-10
INV-27369,S007,D04,2026-08-25,2026-08-28,2026-09-08,786.97,Paid,2026-09-02,2026-09-12
INV-27070,S012,D01,2026-03-31,2026-03-31,2026-05-15,12500.64,Paid,2026-04-01,2026-04-11
INV-27479,S012,D01,2026-08-02,2026-08-02,2026-09-16,23395.17,On Hold,,
INV-26953,S006,D06,2026-03-31,2026-04-02,2026-04-30,11179.55,Paid,2026-04-06,2026-04-26
INV-27484,S011,D01,2026-01-18,2026-01-19,2026-02-17,27513.34,Paid,2026-01-20,2026-02-02
INV-26520,S011,D01,2026-05-20,2026-05-21,2026-06-19,7069.95,Paid,2026-05-22,2026-06-02
INV-27025,S010,D06,2026-05-09,2026-05-10,2026-05-23,1296.31,Paid,2026-05-11,2026-05-30
INV-27253,S010,D06,2026-05-02,2026-05-04,2026-05-16,3611.21,Paid,2026-05-05,2026-05-15
INV-26845,S015,D02,2026-05-21,2026-05-23,2026-06-20,7183.16,Paid,2026-05-27,2026-06-05
INV-26158,S007,D02,2026-06-07,2026-06-09,2026-06-21,2135.0,Paid,2026-06-11,2026-06-22
INV-26885,S008,D05,2026-06-26,2026-06-30,2026-08-25,29632.66,Paid,2026-07-07,2026-07-11
INV-27534,S013,D06,2026-08-24,2026-08-30,2026-09-23,5693.08,Paid,2026-08-30,2026-09-15
INV-27566,S011,D01,23/02/2026,2026-02-24,2026-03-25,9593.17,Paid,2026-02-24,2026-03-14
INV-26809,S012,D01,2026-01-25,2026-01-27,2026-03-11,28373.62,Paid,2026-01-29,2026-02-04
INV-27588,S008,D05,2026-03-03,2026-03-07,2026-05-02,17089.37,Paid,2026-03-18,2026-04-07
INV-26461,S004,D03,07/01/2026,2026-01-13,2026-02-21,32747.48,Paid,2026-01-16,2026-01-30
INV-26704,S010,D06,2026-02-01,2026-02-07,2026-02-15,1212.64,Paid,2026-02-09,2026-02-19
INV-26074,S014,D02,2026-07-26,2026-07-31,2026-08-25,7541.22,On Hold,,
INV-26839,S007,D05,2026-08-21,2026-08-21,2026-09-04,3347.16,Paid,2026-08-30,2026-09-08
INV-26053,S005,D03,2026-08-24,2026-08-25,2026-09-23,26368.9,Paid,2026-08-29,2026-09-02
INV-26949,S010,D06,2026-07-29,2026-07-29,2026-08-12,3161.93,Paid,2026-08-02,2026-08-11
INV-26270,S006,D06,2026-06-14,2026-06-18,2026-07-14,11441.4,Rejected,,
INV-26107,S014,D05,2026-03-26,2026-03-30,2026-04-25,6673.86,Paid,2026-04-09,2026-04-18
INV-26812,S009,D05,24/01/2026,2026-01-28,2026-02-23,41612.64,Paid,2026-02-03,2026-02-07
INV-27076,S004,D03,2026-02-08,2026-02-08,2026-03-25,31757.48,Paid,2026-02-13,2026-02-22
INV-26021,S007,D02,2026-01-31,2026-02-01,2026-02-14,3164.42,Paid,2026-02-02,2026-02-05
INV-27127,S003,D04,2026-01-09,2026-01-09,2026-02-08,1902.75,Paid,2026-01-14,2026-02-17
INV-27545,S004,D03,30/08/2026,2026-08-31,2026-10-14,36481.65,Paid,2026-09-03,2026-09-17
INV-27522,S004,D03,11/09/2026,2026-09-15,2026-10-26,11661.84,Paid,2026-09-15,2026-09-20
INV-26401,S003,D04,2026-08-22,2026-08-24,2026-09-21,4164.05,Paid,2026-08-24,2026-09-12
INV-26677,S010,,2026-04-25,2026-04-28,2026-05-09,5583.91,Paid,2026-05-04,2026-05-09
INV-26388,S010,D06,2026-04-25,2026-04-30,2026-05-09,753.52,Paid,2026-05-04,2026-05-23
INV-26582,S012,D01,2026-07-15,2026-07-18,2026-08-29,4271.98,Paid,2026-07-19,2026-08-05
INV-26402,S002,D04,2026-04-22,2026-04-24,2026-05-22,5094.69,Paid,2026-04-25,2026-05-13
INV-27145,S013,D06,2026-01-09,2026-01-13,2026-02-08,8704.54,Paid,2026-01-18,2026-02-05
INV-27057,S004,D03,2026-02-08,2026-02-09,2026-03-25,21928.32,Paid,2026-02-12,2026-02-25
INV-27168,S005,D03,16/05/2026,2026-05-17,2026-06-15,13223.69,Paid,2026-05-21,2026-06-03
INV-26136,S001,D05,2026-04-02,2026-04-08,2026-05-02,2218.77,Paid,2026-04-24,2026-05-11
INV-26926,S008,D05,25/04/2026,2026-04-26,2026-06-24,10554.61,Paid,2026-05-10,2026-05-18
INV-27290,S012,D01,2026-04-07,2026-04-09,2026-05-22,12879.92,Paid,2026-04-10,2026-04-26
INV-26831,S012,D01,21/03/2026,2026-03-26,2026-05-05,33779.52,Paid,2026-03-29,2026-04-04
INV-27339,S013,D06,2026-08-01,2026-08-07,2026-08-31,7015.65,Rejected,,
INV-26693,S010,D06,2026-04-23,2026-04-26,2026-05-07,5377.2,Paid,2026-04-28,2026-05-05
INV-26920,S001,D01,2026-04-12,2026-04-17,2026-05-12,2239.25,Paid,2026-04-17,2026-05-02
INV-26808,S004,D03,2026-04-03,2026-04-08,2026-05-18,22979.15,Paid,2026-04-11,2026-04-28
INV-27452,S001,D05,2026-08-31,2026-09-01,2026-09-30,1158.53,Paid,2026-09-06,2026-09-17
INV-26576,S002,D04,2026-03-14,2026-03-19,2026-04-13,2987.71,Paid,2026-03-23,2026-04-22
INV-27548,S002,D04,2026-06-27,2026-06-28,2026-07-27,2147.58,Paid,2026-07-01,2026-07-24
INV-26601,S009,D05,2026-02-10,2026-02-14,2026-03-12,35058.02,Paid,2026-02-22,2026-03-07
INV-26863,S001,D05,2026-07-16,2026-07-21,2026-08-15,2113.78,Paid,2026-08-03,2026-08-21
INV-26249,S006,D06,2026-09-02,2026-09-08,2026-10-02,7259.53,Approved,2026-09-13,
INV-26599,S011,D01,2026-01-03,2026-01-09,2026-02-02,21170.72,Paid,2026-01-12,2026-01-29
INV-27382,S014,D05,2026-06-25,2026-06-27,2026-07-25,"RM 1,449.78",Paid,2026-07-11,2026-07-20
INV-27308,S008,D05,2026-06-26,2026-06-28,2026-08-25,54804.17,Paid,2026-07-12,2026-07-20
INV-27378,S003,D04,2026-04-01,2026-04-03,2026-05-01,8229.31,Paid,2026-04-07,2026-05-07
INV-27099,S007,D04,2026-06-27,2026-07-02,2026-07-11,2238.18,Paid,2026-07-06,2026-07-15
INV-27541,S011,D01,2026-08-15,2026-08-18,2026-09-14,11877.94,Paid,2026-08-20,2026-08-25
INV-26619,S005,D03,2026-07-25,2026-07-31,2026-08-24,41358.28,Paid,2026-08-02,2026-08-05
INV-27181,S004,D03,09/08/2026,2026-08-11,2026-09-23,7758.55,Paid,2026-08-15,2026-08-20
INV-26989,S015,D02,2026-06-02,2026-06-06,2026-07-02,8303.67,Paid,2026-06-11,2026-07-01
INV-27147,S005,D03,2026-02-24,2026-02-26,2026-03-26,1624.65,Paid,2026-03-02,2026-03-10
INV-27072,S001,D01,2026-03-18,2026-03-19,2026-04-17,519.47,Paid,2026-03-20,2026-03-28
INV-27113,S005,D03,2026-05-17,2026-05-20,2026-06-16,42585.69,Paid,2026-05-24,2026-05-29
INV-27341,S008,D05,2026-03-05,2026-03-10,2026-05-04,36582.27,Paid,2026-03-24,2026-04-10
INV-27141,S010,D06,2026-03-22,2026-03-23,2026-04-05,2455.3,Rejected,,
INV-26969,S014,D05,2026-01-02,2026-01-03,2026-02-01,6237.13,Rejected,,
INV-26187,S008,D05,2026-03-09,2026-03-09,2026-05-08,49067.71,Paid,2026-03-20,2026-03-26
INV-26577,S011,D01,2026-05-15,2026-05-15,2026-06-14,28857.95,Paid,2026-05-18,2026-06-04
INV-26490,S001,D01,2026-05-08,2026-05-09,2026-06-07,743.6,Paid,2026-05-11,2026-05-31
INV-27106,S014,D02,2026-09-05,2026-09-06,2026-10-05,838.2,Paid,2026-09-06,2026-09-15
INV-27555,S014,D02,26/04/2026,2026-05-01,2026-05-26,7915.42,Paid,2026-05-04,2026-05-11
INV-27404,S008,D05,2026-01-22,2026-01-25,2026-03-23,27432.38,Paid,2026-02-09,2026-02-17
INV-27380,S004,D03,2026-01-24,2026-01-30,2026-03-10,35495.78,Paid,2026-01-31,2026-02-16
INV-27236,S008,D05,29/03/2026,2026-03-29,2026-05-28,32472.17,Paid,2026-04-04,2026-04-13
INV-27463,S014,D04,2026-06-13,2026-06-16,2026-07-13,6795.06,Paid,2026-06-21,2026-07-07
INV-26038,S015,D02,2026-03-28,2026-04-03,2026-04-27,7979.22,Paid,2026-04-04,2026-04-13
INV-27356,S014,D04,20/04/2026,2026-04-23,2026-05-20,2026.92,Paid,2026-04-27,2026-05-03
INV-27459,S002,D04,2026-05-10,2026-05-12,2026-06-09,4955.0,Paid,2026-05-14,2026-06-16
INV-26174,S015,D02,2026-07-15,2026-07-15,2026-08-14,9890.07,Paid,2026-07-17,2026-07-31
INV-27265,S008,D05,2026-02-18,2026-02-18,2026-04-19,"RM 42,620.50",Paid,2026-02-20,2026-03-05
INV-27591,S004,D03,2026-02-10,2026-02-15,2026-03-27,19339.48,Paid,2026-02-16,2026-03-05
INV-26244,S015,D02,2026-01-27,2026-01-27,2026-02-26,8763.13,Paid,2026-01-29,2026-02-04
INV-26622,S012,D01,2026-06-02,2026-06-03,2026-07-17,24556.03,Paid,2026-06-04,2026-06-20
INV-26694,S006,D06,2026-08-15,2026-08-18,2026-09-14,6717.32,Paid,2026-08-22,2026-09-01
INV-27532,S007,D02,2026-08-27,2026-08-28,2026-09-10,3641.95,Paid,2026-08-29,2026-09-02
INV-26907,S006,D06,2026-03-08,2026-03-09,2026-04-07,4603.74,Paid,2026-03-12,2026-03-30
INV-26009,S015,D02,2026-01-21,2026-01-24,2026-02-20,"RM 7,961.01",Paid,2026-01-27,2026-01-29
INV-27223,S002,D04,2026-08-09,2026-08-11,2026-09-08,7399.23,Paid,2026-08-16,2026-09-09
INV-26747,S007,D02,2026-06-18,2026-06-23,2026-07-02,"RM 3,030.08",Paid,2026-06-23,2026-07-11
INV-26148,S013,D06,2026-06-07,2026-06-11,2026-07-07,2015.52,Paid,2026-06-13,2026-06-27
INV-27319,S014,,2026-01-01,2026-01-01,2026-01-31,7860.13,Paid,2026-01-03,2026-01-06
INV-26509,S007,D05,18/09/2026,2026-09-24,2026-10-02,1269.47,Pending Approval,,
INV-27465,S002,D04,2026-02-20,2026-02-24,2026-03-22,"RM 4,139.13",Rejected,,
INV-26488,S010,D06,2026-08-14,2026-08-15,2026-08-28,1095.68,Paid,2026-08-15,2026-08-23
INV-27155,S008,D05,2026-07-14,2026-07-18,2026-09-12,12790.4,Paid,2026-08-02,2026-08-07
INV-26650,S010,D06,2026-01-31,2026-02-05,2026-02-14,3542.35,Paid,2026-02-07,2026-02-26
INV-26467,S011,D01,2026-01-29,2026-02-01,2026-02-28,19230.75,Paid,2026-02-04,2026-02-08
INV-26332,S013,D06,2026-08-05,2026-08-05,2026-09-04,4281.54,Paid,2026-08-09,2026-08-28
INV-26265,S010,D06,2026-08-17,2026-08-22,2026-08-31,3475.02,Paid,2026-08-25,2026-09-04
INV-27336,S015,D02,2026-01-23,2026-01-26,2026-02-22,4240.29,Paid,2026-01-31,2026-02-07
INV-26682,S002,D04,2026-05-26,2026-05-29,2026-06-25,5882.78,Paid,2026-06-01,2026-07-15
INV-26715,S003,D04,21/02/2026,2026-02-24,2026-03-23,698.43,Paid,2026-03-02,2026-04-10
INV-27582,S014,D02,2026-08-03,2026-08-06,2026-09-02,6670.45,Paid,2026-08-08,2026-08-28
INV-26279,S011,D01,2026-07-01,2026-07-04,2026-07-31,34581.7,Paid,2026-07-06,2026-07-13
INV-26284,S003,D04,2026-06-10,2026-06-14,2026-07-10,7916.83,On Hold,,
INV-26703,S011,D01,11/04/2026,2026-04-14,2026-05-11,20917.85,Paid,2026-04-15,2026-04-22
INV-26519,S002,D04,2026-02-23,2026-02-25,2026-03-25,2092.05,Paid,2026-02-27,2026-03-31
INV-27102,S007,D02,2026-01-08,2026-01-10,2026-01-22,925.99,Paid,2026-01-12,2026-01-18
INV-27347,S012,D01,2026-01-22,2026-01-25,2026-03-08,30470.15,Paid,2026-01-27,2026-02-12
INV-26521,S010,D06,2026-09-05,2026-09-10,2026-09-19,4396.18,Approved,2026-09-10,
INV-27171,S006,D06,2026-07-14,2026-07-14,2026-08-13,3483.4,Paid,2026-07-18,2026-08-06
INV-26431,S002,D04,2026-04-27,2026-05-01,2026-05-27,1171.23,Paid,2026-05-06,2026-05-28
INV-27032,S006,D06,2026-05-14,2026-05-19,2026-06-13,882.15,Paid,2026-05-20,2026-05-29
INV-27391,S012,D01,2026-02-27,2026-03-03,2026-04-13,5288.51,Paid,2026-03-05,2026-03-25
INV-26075,S009,D05,2026-05-09,2026-05-10,2026-06-08,23881.2,Paid,2026-05-27,2026-06-16
INV-27424,S012,D01,11/09/2026,2026-09-17,2026-10-26,12060.74,Approved,2026-09-20,
INV-27550,S013,D06,2026-09-07,2026-09-09,2026-10-07,5621.19,On Hold,,
INV-26597,S009,D05,2026-09-05,2026-09-07,2026-10-05,21433.11,Paid,2026-09-13,2026-09-20
INV-26315,S013,D06,2026-04-04,2026-04-06,2026-05-04,1653.12,Paid,2026-04-08,2026-04-19
INV-26322,S015,D02,2026-02-25,2026-02-28,2026-03-27,"RM 12,647.40",Paid,2026-02-28,2026-03-20
INV-26571,S002,D04,2026-05-08,2026-05-13,2026-06-07,2404.35,Paid,2026-05-19,2026-07-03
INV-27081,S012,D01,2026-07-25,2026-07-30,2026-09-08,16768.31,Paid,2026-07-31,2026-08-03
INV-27104,S015,D02,2026-06-09,2026-06-14,2026-07-09,13277.05,Paid,2026-06-18,2026-07-03
INV-26976,S001,D04,2026-08-14,2026-08-20,2026-09-13,83.37,Paid,2026-08-23,2026-08-30
INV-27280,S005,D03,2026-08-17,2026-08-23,2026-09-16,11307.87,Paid,2026-08-26,2026-09-14
INV-27029,S014,D02,2026-05-25,2026-05-25,2026-06-24,"RM 3,596.44",Paid,2026-05-28,2026-06-03
INV-27207,S004,D03,2026-07-21,2026-07-21,2026-09-04,3219.17,Paid,2026-07-24,2026-07-30
INV-26082,S006,D06,2026-07-19,2026-07-25,2026-08-18,"RM 11,058.91",Paid,2026-07-30,2026-08-16
INV-27544,S011,D01,2026-05-29,2026-06-02,2026-06-28,"RM 31,959.34",Paid,2026-06-02,2026-06-20
INV-26545,S010,D06,2026-07-04,2026-07-08,2026-07-18,2249.88,Paid,2026-07-11,2026-07-26
INV-26640,S014,D04,2026-02-08,2026-02-09,2026-03-10,1483.89,Paid,2026-02-09,2026-02-21
INV-26828,S012,D01,2026-02-26,2026-03-04,2026-04-12,32015.59,Paid,2026-03-05,2026-03-08
INV-27194,S010,D06,2026-07-21,2026-07-22,2026-08-04,5031.8,Paid,2026-07-27,2026-08-14
INV-27317,S006,D06,2026-08-03,2026-08-08,2026-09-02,1900.79,Paid,2026-08-11,2026-08-20
INV-26717,S003,D04,2026-05-07,2026-05-09,2026-06-06,1438.2,Paid,2026-05-14,2026-06-23
INV-27122,S012,D01,2026-09-20,2026-09-25,2026-11-04,7217.91,Pending Approval,,
INV-26638,S011,D01,2026-05-14,2026-05-17,2026-06-13,13707.87,Paid,2026-05-21,2026-05-28
INV-26302,S004,D03,2026-06-26,2026-06-26,2026-08-10,"RM 3,533.02",Paid,2026-06-28,2026-07-03
INV-27101,S007,D04,2026-07-21,2026-07-22,2026-08-04,RM 766.20,Paid,2026-07-24,2026-08-12
INV-27381,S006,D06,2026-03-01,2026-03-05,2026-03-31,2432.31,Paid,2026-03-07,2026-03-13
INV-26767,S008,D05,25/01/2026,2026-01-27,2026-03-26,51348.36,Paid,2026-02-01,2026-02-04
INV-26629,S012,D01,2026-02-16,2026-02-19,2026-04-02,27224.46,Paid,2026-02-19,2026-03-09
INV-26595,S014,D04,2026-06-24,2026-06-24,2026-07-24,3777.14,Paid,2026-07-01,2026-07-10
INV-27034,S005,D03,2026-03-17,2026-03-20,2026-04-16,6670.62,Paid,2026-03-24,2026-03-29
INV-26690,S015,D02,2026-03-11,2026-03-15,2026-04-10,7207.35,Paid,2026-03-17,2026-03-29
INV-27136,S004,D03,2026-02-25,2026-02-28,2026-04-11,23653.65,Paid,2026-02-28,2026-03-09
INV-26871,S010,D06,2026-03-28,2026-03-30,2026-04-11,4108.51,Paid,2026-04-02,2026-04-18
INV-26280,S004,D03,25/02/2026,2026-02-25,2026-04-11,6345.88,Paid,2026-02-27,2026-03-11
INV-26426,S008,D05,2026-08-31,2026-09-02,2026-10-30,33590.88,Paid,2026-09-13,2026-09-20
INV-26728,S015,D02,2026-03-20,2026-03-23,2026-04-19,4287.36,Paid,2026-03-24,2026-04-09
INV-26537,S008,D05,2026-01-01,2026-01-01,2026-03-02,32447.42,Paid,2026-01-17,2026-01-24
INV-26807,S015,D02,2026-03-12,2026-03-13,2026-04-11,6304.34,Paid,2026-03-13,2026-03-29
INV-26499,S001,D01,2026-08-02,2026-08-08,2026-09-01,1422.91,Paid,2026-08-09,2026-08-26
INV-27088,S015,D02,2026-07-19,2026-07-20,2026-08-18,13852.17,Paid,2026-07-24,2026-07-27
INV-26684,S006,D06,2026-09-06,2026-09-07,2026-10-06,934.28,Paid,2026-09-09,2026-09-22
INV-26104,S006,D06,2026-04-16,2026-04-22,2026-05-16,806.86,Paid,2026-04-26,2026-05-04
INV-26120,S014,D05,2026-09-04,2026-09-04,2026-10-04,814.02,Approved,2026-09-18,
INV-26910,S013,D06,01/09/2026,2026-09-05,2026-10-01,3175.53,Paid,2026-09-10,2026-09-22
INV-26589,S015,D02,2026-07-19,2026-07-25,2026-08-18,8874.29,Paid,2026-07-26,2026-08-10
INV-27006,S015,D02,2026-07-27,2026-08-02,2026-08-26,8602.65,Paid,2026-08-04,2026-08-24
INV-26005,S006,D06,2026-06-24,2026-06-24,2026-07-24,872.53,Paid,2026-06-26,2026-07-12
INV-26643,S006,D06,2026-02-12,2026-02-13,2026-03-14,5429.56,Paid,2026-02-14,2026-02-20
INV-27376,S003,D04,2026-05-13,2026-05-14,2026-06-12,7693.36,Rejected,,
INV-27352,S006,D06,30/07/2026,2026-08-04,2026-08-29,3213.98,Paid,2026-08-07,2026-08-14
INV-27191,S009,D05,2026-08-25,2026-08-25,2026-09-24,"RM 41,480.91",Paid,2026-08-25,2026-08-31
INV-27170,S010,D06,2026-03-06,2026-03-12,2026-03-20,5374.67,Paid,2026-03-16,2026-04-04
INV-26740,S014,D04,2026-06-20,2026-06-20,2026-07-20,4698.18,Paid,2026-06-24,2026-07-13
INV-26981,S002,D04,2026-05-26,2026-05-26,2026-06-25,5841.99,Paid,2026-05-31,2026-07-09
INV-26874,S005,D03,2026-03-04,2026-03-05,2026-04-03,17640.24,Paid,2026-03-08,2026-03-26
INV-27047,S010,D06,2026-07-24,2026-07-29,2026-08-07,3947.44,Paid,2026-08-01,2026-08-17
INV-26395,S010,D06,2026-01-24,2026-01-30,2026-02-07,3271.45,Paid,2026-01-31,2026-02-18
INV-27043,S010,D06,2026-07-20,2026-07-23,2026-08-03,5190.16,Paid,2026-07-27,2026-08-16
INV-27354,S013,D06,2026-02-18,2026-02-19,2026-03-20,2062.37,Paid,2026-02-22,2026-03-14
INV-27267,S012,D01,2026-05-09,2026-05-14,2026-06-23,19162.77,Paid,2026-05-16,2026-06-02
INV-26212,S012,D01,2026-08-20,2026-08-26,2026-10-04,23960.68,Paid,2026-08-27,2026-09-04
INV-26680,S002,D04,2026-07-08,2026-07-11,2026-08-07,1882.91,On Hold,,
INV-26087,S003,D04,2026-05-23,2026-05-25,2026-06-22,6879.1,Paid,2026-05-30,2026-07-14
INV-27583,S008,D05,2026-08-17,2026-08-23,2026-10-16,"RM 44,624.27",Paid,2026-08-23,2026-09-08
INV-26146,S014,D04,21/03/2026,2026-03-21,2026-04-20,6926.21,Paid,2026-03-25,2026-04-03
INV-27571,S008,D05,2026-04-13,2026-04-13,2026-06-12,48091.35,Paid,2026-04-21,2026-05-11
INV-27599,S006,D06,2026-01-11,2026-01-13,2026-02-10,7412.53,Paid,2026-01-17,2026-01-28
INV-26915,S008,D05,2026-03-16,2026-03-17,2026-05-15,41474.8,Paid,2026-03-28,2026-04-08
INV-26334,S007,D05,2026-06-21,2026-06-26,2026-07-05,1364.08,Paid,2026-07-02,2026-07-14
INV-26434,S012,D01,2026-08-06,2026-08-07,2026-09-20,7203.78,Paid,2026-08-07,2026-08-16
INV-26379,S008,D05,2026-04-06,2026-04-11,2026-06-05,3031.74,Paid,2026-04-28,2026-05-03
INV-27502,S006,D06,2026-01-31,2026-01-31,2026-03-02,11176.89,Paid,2026-02-01,2026-02-07
INV-26995,S009,D05,2026-01-01,2026-01-01,2026-01-31,9618.78,Rejected,,
INV-27097,S004,D03,2026-04-27,2026-05-02,2026-06-11,40557.39,Paid,2026-05-04,2026-05-19
INV-26259,S003,D04,2026-09-14,2026-09-17,2026-10-14,"RM 4,098.29",Approved,2026-09-19,
INV-27508,S003,D04,2026-06-28,2026-06-28,2026-07-28,811.51,Paid,2026-06-28,2026-08-11
INV-26444,S010,D06,2026-04-14,2026-04-18,2026-04-28,2684.87,Paid,2026-04-18,2026-04-25
INV-27214,S011,D01,08/09/2026,2026-09-08,2026-10-08,34922.53,Paid,2026-09-09,2026-09-15
INV-26840,S003,D04,2026-02-21,2026-02-25,2026-03-23,7093.0,Paid,2026-03-03,2026-03-30
INV-26905,S010,D06,2026-01-24,2026-01-27,2026-02-07,5231.71,Paid,2026-01-30,2026-02-15
INV-27204,S003,D04,2026-06-09,2026-06-11,2026-07-09,8993.79,Paid,2026-06-19,2026-07-13
INV-26271,S005,D03,2026-06-02,2026-06-05,2026-07-02,39549.31,Rejected,,
INV-26711,S002,D04,09/09/2026,2026-09-14,2026-10-09,2796.0,Approved,2026-09-20,
INV-26862,S015,D02,2026-06-17,2026-06-19,2026-07-17,12096.44,Paid,2026-06-24,2026-07-13
INV-27240,S001,D05,2026-03-10,2026-03-13,2026-04-09,1079.91,Paid,2026-03-19,2026-04-05
INV-27157,S010,D06,2026-04-12,2026-04-15,2026-04-26,522.1,Paid,2026-04-18,2026-05-03
INV-27064,S001,D06,11/04/2026,2026-04-12,2026-05-11,911.71,Paid,2026-04-14,2026-04-27
INV-27233,S011,D01,2026-07-26,2026-08-01,2026-08-25,22363.03,Paid,2026-08-04,2026-08-14
INV-26307,S015,D02,2026-08-12,2026-08-17,2026-09-11,12460.1,Paid,2026-08-19,2026-09-08
INV-26964,S007,D02,2026-01-28,2026-02-02,2026-02-11,2033.56,Paid,2026-02-03,2026-02-12
INV-27377,S015,D02,2026-02-02,2026-02-07,2026-03-04,13130.66,Paid,2026-02-08,2026-02-25
INV-27148,S005,D03,2026-09-18,2026-09-21,2026-10-18,40725.51,Approved,2026-09-23,
INV-27166,S003,D04,2026-02-27,2026-02-28,2026-03-29,1398.97,Paid,2026-03-02,2026-03-17
INV-26956,S001,D04,2026-04-29,2026-05-01,2026-05-29,837.39,Paid,2026-05-05,2026-05-22
INV-27420,S005,D03,2026-05-06,2026-05-09,2026-06-05,24542.59,Paid,2026-05-12,2026-05-18
INV-26671,S006,D06,08/06/2026,2026-06-13,2026-07-08,645.55,Paid,2026-06-17,2026-07-01
INV-27358,S011,D01,2026-01-23,2026-01-29,2026-02-22,21164.81,Paid,2026-02-01,2026-02-12
INV-27098,S009,D05,2026-02-05,2026-02-05,2026-03-07,42242.93,Paid,2026-02-12,2026-02-28
INV-27299,S001,D06,2026-07-11,2026-07-15,2026-08-10,1345.23,Paid,2026-07-17,2026-07-26
INV-27031,S004,D03,2026-07-30,2026-08-02,2026-09-13,33031.95,Paid,2026-08-06,2026-08-13
INV-26232,S011,D01,02/06/2026,2026-06-05,2026-07-02,34727.41,Paid,2026-06-05,2026-06-17
INV-26260,S015,D02,2026-07-15,2026-07-17,2026-08-14,12390.13,Paid,2026-07-22,2026-08-01
INV-27519,S001,D04,2026-01-01,2026-01-07,2026-01-31,838.6,Paid,2026-01-10,2026-01-14
INV-26967,S004,D03,2026-06-29,2026-07-03,2026-08-13,11728.55,Paid,2026-07-05,2026-07-10
INV-26542,S006,D06,2026-05-31,2026-06-01,2026-06-30,2704.85,Paid,2026-06-04,2026-06-21
INV-26262,S006,D06,2026-08-22,2026-08-28,2026-09-21,1149.95,Paid,2026-09-02,2026-09-17
INV-26201,S013,D06,02/02/2026,2026-02-08,2026-03-04,485.72,Paid,2026-02-09,2026-02-20
INV-26126,S007,D05,2026-04-25,2026-04-26,2026-05-09,3295.2,Paid,2026-05-03,2026-05-07
INV-26185,S005,D03,2026-04-21,2026-04-21,2026-05-21,10564.86,Paid,2026-04-22,2026-04-24
INV-26044,S005,D03,2026-04-24,2026-04-25,2026-05-24,14338.55,Paid,2026-04-25,2026-05-14
INV-27426,S007,D05,2026-01-28,2026-02-01,2026-02-11,1827.01,Paid,2026-02-08,2026-02-12
INV-26908,S004,D03,2026-05-22,2026-05-27,2026-07-06,22658.6,Paid,2026-05-30,2026-06-15
INV-26046,S013,D06,05/05/2026,2026-05-08,2026-06-04,2548.63,Paid,2026-05-11,2026-05-23
INV-26045,S005,D03,2026-07-25,2026-07-25,2026-08-24,14205.23,Paid,2026-07-26,2026-08-03
INV-26436,S013,D06,2026-06-26,2026-06-30,2026-07-26,8131.6,Paid,2026-07-05,2026-07-25
INV-27388,S012,D01,19/08/2026,2026-08-23,2026-10-03,18565.12,Paid,2026-08-24,2026-08-29
INV-26990,S013,D06,2026-01-16,2026-01-18,2026-02-15,"RM 5,653.39",Paid,2026-01-21,2026-02-06
INV-27028,S007,D02,2026-08-21,2026-08-26,2026-09-04,3407.01,Paid,2026-08-31,2026-09-17
INV-26689,S006,D06,2026-03-19,2026-03-22,2026-04-18,364.91,Paid,2026-03-23,2026-04-12
INV-26780,S011,D01,2026-09-18,2026-09-24,2026-10-18,"RM 3,128.01",Approved,2026-09-24,
INV-26771,S015,D02,2026-09-21,2026-09-25,2026-10-21,12523.67,Rejected,,
INV-27257,S007,D05,01/03/2026,2026-03-02,2026-03-15,3611.69,Paid,2026-03-13,2026-03-25
INV-26203,S015,D02,2026-08-30,2026-09-03,2026-09-29,7726.16,Paid,2026-09-05,2026-09-23
INV-26338,S006,D06,2026-05-20,2026-05-21,2026-06-19,11758.52,Paid,2026-05-24,2026-06-04
INV-26304,S005,D03,2026-08-09,2026-08-11,2026-09-08,22191.65,Paid,2026-08-15,2026-08-23
INV-26688,S007,D02,2026-02-28,2026-03-05,2026-03-14,2774.2,Paid,2026-03-07,2026-03-22
INV-26612,S001,D05,2026-05-13,2026-05-17,2026-06-12,916.66,Paid,2026-05-31,2026-06-15
INV-27351,S010,D06,2026-07-02,2026-07-02,2026-07-16,2236.85,Paid,2026-07-06,2026-07-08
INV-26014,S005,D03,25/06/2026,2026-06-26,2026-07-25,19456.84,Paid,2026-06-30,2026-07-04
INV-27082,S009,D05,2026-07-07,2026-07-10,2026-08-06,6333.03,Paid,2026-07-25,2026-08-07
INV-26335,S011,D01,2026-07-16,2026-07-20,2026-08-15,34506.47,Paid,2026-07-20,2026-08-07
INV-26109,S014,,2026-09-10,2026-09-12,2026-10-10,4698.0,Approved,2026-09-15,
INV-26896,S003,D04,2026-08-01,2026-08-04,2026-08-31,2385.25,Paid,2026-08-06,2026-09-04
INV-26883,S010,D06,2026-06-11,2026-06-15,2026-06-25,1232.28,Paid,2026-06-20,2026-07-06
INV-27305,S007,D05,2026-02-13,2026-02-14,2026-02-27,605.16,Paid,2026-02-22,2026-03-07
INV-27092,S014,D02,2026-07-03,2026-07-09,2026-08-02,4233.13,Paid,2026-07-11,2026-07-19
INV-27553,S007,D04,2026-08-15,2026-08-15,2026-08-29,"RM 3,344.98",Paid,2026-08-21,2026-08-26
INV-26569,S007,D05,2026-02-26,2026-03-01,2026-03-12,2396.17,Paid,2026-03-07,2026-03-15
INV-27041,S003,,2026-02-28,2026-03-02,2026-03-30,8207.02,Paid,2026-03-07,2026-04-05
INV-26119,S004,D03,2026-07-20,2026-07-22,2026-09-03,3563.47,Paid,2026-07-22,2026-08-04
INV-27375,S001,D01,2026-01-15,2026-01-18,2026-02-14,2373.6,Paid,2026-01-21,2026-02-07
INV-26099,S007,D02,2026-04-11,2026-04-13,2026-04-25,2271.31,Paid,2026-04-15,2026-05-03
INV-26666,S014,D05,2026-03-15,2026-03-21,2026-04-14,627.52,Paid,2026-03-22,2026-04-08
INV-26182,S010,D06,2026-01-02,2026-01-06,2026-01-16,3333.84,Paid,2026-01-08,2026-01-15
INV-27173,S013,D06,2026-08-16,2026-08-18,2026-09-15,8093.45,Paid,2026-08-18,2026-08-28
INV-26538,S010,D06,2026-04-25,2026-04-28,2026-05-09,601.64,Paid,2026-05-01,2026-05-09
INV-26361,S001,D06,20/03/2026,2026-03-24,2026-04-19,251.71,Paid,2026-03-28,2026-04-02
INV-27071,S002,D04,2026-06-01,2026-06-05,2026-07-01,1457.47,Paid,2026-06-08,2026-07-13
INV-26004,S005,D03,2026-07-08,2026-07-14,2026-08-07,28827.44,Paid,2026-07-16,2026-07-22
INV-26456,S013,D06,2026-07-31,2026-08-04,2026-08-30,4466.34,Paid,2026-08-09,2026-08-19
INV-26763,S015,D02,2026-06-05,2026-06-08,2026-07-05,8881.82,Paid,2026-06-13,2026-06-20
INV-26941,S011,D01,2026-08-27,2026-09-02,2026-09-26,22553.34,Paid,2026-09-05,2026-09-24
INV-27423,S009,D05,12/05/2026,2026-05-17,2026-06-11,14477.24,Paid,2026-05-21,2026-06-08
INV-26484,S012,D01,2026-07-07,2026-07-10,2026-08-21,33480.16,Paid,2026-07-11,2026-07-31
INV-26095,S007,D02,2026-03-08,2026-03-08,2026-03-22,3314.87,Paid,2026-03-12,2026-03-27
INV-26037,S002,D04,03/01/2026,2026-01-09,2026-02-02,3598.01,Paid,2026-01-15,2026-02-18
INV-26365,S008,D05,2026-02-22,2026-02-22,2026-04-23,44721.88,Paid,2026-03-09,2026-03-25
INV-27372,S004,D03,2026-02-10,2026-02-15,2026-03-27,36982.8,Paid,2026-02-17,2026-02-28
INV-26255,S008,D05,2026-09-13,2026-09-13,2026-11-12,31116.99,Paid,2026-09-22,2026-09-25
INV-26070,S004,D03,11/08/2026,2026-08-11,2026-09-25,36691.95,Paid,2026-08-13,2026-08-17
INV-27433,S013,D06,2026-08-14,2026-08-19,2026-09-13,5821.92,Paid,2026-08-23,2026-09-07
INV-27316,S008,D05,2026-03-23,2026-03-26,2026-05-22,41018.87,Paid,2026-04-09,2026-04-24
INV-26511,S014,D05,29/08/2026,2026-09-02,2026-09-28,806.66,Approved,2026-09-16,
INV-27587,S001,D04,2026-05-16,2026-05-18,2026-06-15,227.73,Paid,2026-05-18,2026-06-03
INV-26092,S009,D05,2026-05-22,2026-05-28,2026-06-21,3086.22,Paid,2026-06-11,2026-06-17
INV-26817,S004,D03,12/07/2026,2026-07-18,2026-08-26,4358.34,Paid,2026-07-22,2026-07-26
INV-26963,S008,D05,2026-01-29,2026-02-02,2026-03-30,13888.13,Paid,2026-02-20,2026-02-28
INV-27597,S002,D04,06/05/2026,2026-05-12,2026-06-05,2883.81,Paid,2026-05-13,2026-05-25
INV-26766,S007,D04,2026-01-22,2026-01-26,2026-02-05,3711.51,Paid,2026-01-26,2026-02-11
INV-26788,S011,D01,2026-03-30,2026-04-02,2026-04-29,24260.27,Paid,2026-04-04,2026-04-06
INV-26672,S007,D05,04/06/2026,2026-06-10,2026-06-18,2871.19,Paid,2026-06-20,2026-06-22
INV-26199,S015,D02,2026-06-24,2026-06-29,2026-07-24,3144.05,Paid,2026-06-29,2026-07-02
INV-27176,S001,D03,2026-05-10,2026-05-12,2026-06-09,2125.07,Paid,2026-05-13,2026-05-18
INV-26054,S015,D02,06/07/2026,2026-07-07,2026-08-05,9589.92,Paid,2026-07-11,2026-07-27
INV-26117,S001,D01,2026-04-21,2026-04-23,2026-05-21,1557.87,Paid,2026-04-25,2026-05-04
INV-26663,S008,D05,2026-04-05,2026-04-10,2026-06-04,24346.73,Paid,2026-04-17,2026-04-29
INV-27129,S003,D04,25/02/2026,2026-02-26,2026-03-27,8051.01,Paid,2026-03-02,2026-03-24
INV-27052,S007,D04,20/09/2026,2026-09-23,2026-10-04,3303.57,Pending Approval,,
INV-27282,S009,D05,2026-08-28,2026-08-29,2026-09-27,29594.44,Approved,2026-09-15,
INV-27487,S013,D06,2026-05-19,2026-05-25,2026-06-18,10826.87,Paid,2026-05-26,2026-05-28
INV-27396,S003,D04,25/04/2026,2026-04-28,2026-05-25,8371.8,Paid,2026-04-30,2026-05-23
INV-26458,S013,D06,2026-07-23,2026-07-27,2026-08-22,9961.19,Paid,2026-07-28,2026-08-05
INV-27295,S001,D02,26/05/2026,2026-05-27,2026-06-25,1613.52,Paid,2026-05-29,2026-06-04
INV-26325,S008,D05,2026-06-21,2026-06-27,2026-08-20,35050.19,Paid,2026-07-09,2026-07-19
INV-26433,S013,D06,2026-03-27,2026-03-31,2026-04-26,8008.73,Paid,2026-03-31,2026-04-06
INV-27551,S011,D01,2026-01-29,2026-01-29,2026-02-28,15089.25,Paid,2026-01-30,2026-02-10
INV-27565,S003,D04,2026-07-02,2026-07-05,2026-08-01,"RM 4,712.50",Paid,2026-07-09,2026-08-16
INV-27139,S010,D06,2026-03-20,2026-03-26,2026-04-03,3979.22,Rejected,,
INV-26868,S002,D04,2026-01-08,2026-01-08,2026-02-07,7259.71,Paid,2026-01-10,2026-02-13
INV-27038,S006,D06,2026-08-31,2026-08-31,2026-09-30,2998.17,Paid,2026-09-04,2026-09-14
INV-26895,S012,D01,2026-02-11,2026-02-13,2026-03-28,24858.41,Paid,2026-02-13,2026-02-24
INV-26234,S007,D05,2026-06-29,2026-07-04,2026-07-13,3295.6,Paid,2026-07-08,2026-07-25
INV-26163,S010,D06,2026-03-21,2026-03-25,2026-04-04,2817.77,Paid,2026-03-28,2026-04-06
INV-26036,S008,D05,2026-02-13,2026-02-18,2026-04-14,11648.14,Paid,2026-03-02,2026-03-08
INV-27493,S014,D05,03/08/2026,2026-08-04,2026-09-02,7323.93,Paid,2026-08-17,2026-08-26
INV-26291,S003,D04,2026-03-27,2026-03-31,2026-04-26,6821.48,Paid,2026-04-03,2026-04-24
INV-26994,S004,D03,2026-05-26,2026-06-01,2026-07-10,27858.9,Paid,2026-06-06,2026-06-15
INV-27177,S006,D06,2026-08-03,2026-08-09,2026-09-02,3403.74,Paid,2026-08-10,2026-08-22
INV-27598,S009,D05,2026-03-06,2026-03-08,2026-04-05,53102.59,Paid,2026-03-19,2026-03-22
INV-26184,S012,D01,2026-01-29,2026-02-01,2026-03-15,11678.93,Paid,2026-02-05,2026-02-16
INV-26973,S011,D01,2026-02-15,2026-02-15,2026-03-17,22647.8,Paid,2026-02-17,2026-03-02
INV-26460,S012,D01,2026-05-22,2026-05-26,2026-07-06,28047.92,Paid,2026-05-28,2026-06-11
INV-26897,S007,D04,2026-04-27,2026-04-28,2026-05-11,1611.38,Paid,2026-05-01,2026-05-13
INV-26176,S007,D05,2026-03-23,2026-03-29,2026-04-06,684.79,Paid,2026-04-09,2026-04-28
INV-27326,S011,D01,2026-04-26,2026-04-26,2026-05-26,27926.47,Paid,2026-04-27,2026-05-13
INV-26695,S014,D02,2026-02-13,2026-02-18,2026-03-15,328.66,Paid,2026-02-20,2026-02-26
INV-27266,S006,D06,2026-04-08,2026-04-08,2026-05-08,6993.89,Paid,2026-04-09,2026-04-23
INV-26721,S007,,2026-04-29,2026-05-03,2026-05-13,3772.09,Paid,2026-05-03,2026-05-11
INV-26697,S007,D04,2026-09-22,2026-09-24,2026-10-06,1815.75,Pending Approval,,
INV-27406,S001,D01,2026-03-31,2026-04-04,2026-04-30,1557.06,Paid,2026-04-06,2026-04-24
INV-26162,S009,D05,2026-08-24,2026-08-27,2026-09-23,10548.08,Paid,2026-08-30,2026-09-10
INV-27277,S007,D02,2026-03-13,2026-03-18,2026-03-27,3739.86,On Hold,,
INV-26917,S010,D06,2026-04-26,2026-04-28,2026-05-10,5200.38,Paid,2026-05-01,2026-05-03
INV-26707,S013,D06,31/03/2026,2026-04-03,2026-04-30,2125.11,Paid,2026-04-05,2026-04-12
INV-26222,S004,D03,2026-08-11,2026-08-13,2026-09-25,14160.78,Paid,2026-08-14,2026-08-23
INV-26564,S012,D01,2026-01-25,2026-01-27,2026-03-11,29440.91,Paid,2026-01-27,2026-02-03
INV-26204,S004,D03,2026-06-28,2026-06-29,2026-08-12,4503.45,Paid,2026-06-30,2026-07-05
INV-26533,S008,D05,2026-03-14,2026-03-18,2026-05-13,30211.76,Paid,2026-03-18,2026-03-24
INV-26590,S002,D04,2026-08-03,2026-08-09,2026-09-02,5299.85,Paid,2026-08-12,2026-09-14
INV-27087,S009,D05,2026-07-29,2026-07-31,2026-08-28,5005.82,Paid,2026-08-05,2026-08-25
INV-26795,S010,D06,2026-02-23,2026-02-25,2026-03-09,5661.11,Paid,2026-03-01,2026-03-15
INV-27018,S001,D03,2026-08-30,2026-08-30,2026-09-29,2340.19,Paid,2026-09-01,2026-09-11
INV-26867,S009,D05,2026-05-30,2026-05-31,2026-06-29,12333.03,Paid,2026-06-11,2026-06-17
INV-27013,S002,D04,2026-03-29,2026-04-01,2026-04-28,3922.26,Paid,2026-04-07,2026-05-09
INV-26853,S015,D02,2026-06-13,2026-06-16,2026-07-13,11497.59,Paid,2026-06-20,2026-07-02
INV-27407,S007,D04,2026-05-21,2026-05-26,2026-06-04,1257.19,Paid,2026-05-26,2026-05-29
INV-26757,S003,D04,2026-05-19,2026-05-23,2026-06-18,2793.53,Paid,2026-05-26,2026-06-28
INV-26561,S011,D01,2026-03-31,2026-04-06,2026-04-30,31451.35,Paid,2026-04-07,2026-04-13
INV-26880,S003,D04,2026-09-08,2026-09-14,2026-10-08,"RM 2,995.20",Approved,2026-09-17,
INV-27561,S006,D06,2026-03-27,2026-03-29,2026-04-26,6128.21,Paid,2026-04-02,2026-04-19
INV-27557,S005,D03,2026-02-24,2026-02-26,2026-03-26,2929.92,Paid,2026-03-01,2026-03-18
INV-26288,S003,D04,2026-07-16,2026-07-20,2026-08-15,8585.49,Paid,2026-07-23,2026-08-27
INV-26713,S007,D02,2026-07-04,2026-07-09,2026-07-18,1394.17,Paid,2026-07-11,2026-07-22
INV-26498,S005,D03,2026-05-09,2026-05-09,2026-06-08,15465.49,Paid,2026-05-11,2026-05-22
INV-26060,S008,D05,2026-04-10,2026-04-12,2026-06-09,20378.48,Paid,2026-04-17,2026-04-19
INV-26371,S007,D02,16/02/2026,2026-02-20,2026-03-02,496.94,Paid,2026-02-22,2026-03-09
INV-26851,S014,D05,2026-09-02,2026-09-05,2026-10-02,2418.72,Paid,2026-09-15,2026-09-18
INV-26574,S001,D02,2026-06-13,2026-06-19,2026-07-13,1012.18,Paid,2026-06-22,2026-06-29
INV-26110,S010,D06,24/03/2026,2026-03-30,2026-04-07,3198.81,Paid,2026-04-01,2026-04-20
INV-26330,S011,D01,2026-05-22,2026-05-24,2026-06-21,27550.48,Paid,2026-05-25,2026-05-31
INV-27572,S014,D02,2026-04-28,2026-05-02,2026-05-28,1327.46,Paid,2026-05-05,2026-05-16
INV-26804,S005,D03,2026-06-14,2026-06-15,2026-07-14,28295.56,Paid,2026-06-16,2026-07-05
INV-27492,S013,D06,2026-04-14,2026-04-15,2026-05-14,10688.45,Paid,2026-04-16,2026-04-23
INV-26076,S013,D06,2026-08-17,2026-08-17,2026-09-16,727.96,Paid,2026-08-20,2026-09-03
INV-26563,S008,D05,2026-02-26,2026-02-28,2026-04-27,5794.59,Paid,2026-03-13,2026-03-27
INV-27338,S008,D05,2026-01-12,2026-01-18,2026-03-13,4400.53,Paid,2026-01-26,2026-01-28
INV-26253,S011,D01,2026-02-09,2026-02-10,2026-03-11,31010.72,Paid,2026-02-11,2026-03-03
INV-26195,S008,D05,2026-05-01,2026-05-01,2026-06-30,54329.12,Paid,2026-05-17,2026-05-27
INV-27269,S005,D03,2026-02-25,2026-03-03,2026-03-27,24069.97,Paid,2026-03-03,2026-03-11
INV-27184,S013,D06,2026-03-28,2026-04-01,2026-04-27,10642.43,Paid,2026-04-02,2026-04-10
INV-26100,S015,D02,2026-05-29,2026-05-29,2026-06-28,5340.76,Paid,2026-06-04,2026-06-07
INV-26789,S015,D02,2026-07-29,2026-08-04,2026-08-28,9190.64,Paid,2026-08-08,2026-08-28
INV-27055,S009,D05,2026-08-25,2026-08-29,2026-09-24,35199.92,Paid,2026-09-10,2026-09-12
INV-26605,S006,D06,2026-02-16,2026-02-22,2026-03-18,11118.75,Paid,2026-02-24,2026-03-11
INV-26784,S008,D05,2026-09-09,2026-09-11,2026-11-08,50080.1,Approved,2026-09-18,
INV-27310,S008,,2026-07-30,2026-07-30,2026-09-28,52082.13,Paid,2026-08-03,2026-08-19
INV-26756,S004,D03,2026-07-06,2026-07-12,2026-08-20,42191.57,Paid,2026-07-14,2026-07-28
INV-26216,S008,D05,02/03/2026,2026-03-05,2026-05-01,11389.05,Paid,2026-03-22,2026-04-07
INV-27584,S010,D06,2026-01-21,2026-01-21,2026-02-04,4859.06,Paid,2026-01-22,2026-02-05
INV-27249,S014,D04,2026-01-20,2026-01-23,2026-02-19,6939.56,Paid,2026-01-26,2026-02-03
INV-26634,S001,D06,2026-05-30,2026-06-04,2026-06-29,2057.82,Paid,2026-06-07,2026-06-22
INV-26641,S004,D03,2026-02-08,2026-02-08,2026-03-25,33815.05,Paid,2026-02-12,2026-02-28
INV-26983,S011,D01,2026-08-24,2026-08-29,2026-09-23,11894.26,Paid,2026-08-31,2026-09-04
INV-26118,S010,D06,22/03/2026,2026-03-22,2026-04-05,3800.14,Paid,2026-03-24,2026-04-04
INV-27211,S006,D06,2026-08-24,2026-08-28,2026-09-23,998.63,Paid,2026-08-31,2026-09-11
INV-26198,S004,D03,2026-04-11,2026-04-13,2026-05-26,44586.77,Paid,2026-04-16,2026-04-23
INV-26645,S001,D05,2026-06-09,2026-06-15,2026-07-09,501.6,Paid,2026-06-27,2026-07-17
INV-26496,S003,D04,25/09/2026,2026-09-26,2026-10-25,5616.11,Pending Approval,,
INV-27441,S004,D03,2026-04-28,2026-05-04,2026-06-12,2266.11,Paid,2026-05-05,2026-05-13
INV-26753,S006,D06,02/03/2026,2026-03-03,2026-04-01,11868.66,Paid,2026-03-06,2026-03-15
INV-27447,S009,D05,2026-05-25,2026-05-30,2026-06-24,14582.6,Paid,2026-06-08,2026-06-26
INV-27146,S004,D03,09/09/2026,2026-09-13,2026-10-24,26251.16,Paid,2026-09-15,2026-09-20
INV-26348,S007,D04,2026-01-26,2026-01-28,2026-02-09,1265.47,Paid,2026-02-01,2026-02-21
INV-26500,S014,D04,2026-02-23,2026-02-23,2026-03-25,831.58,Paid,2026-02-24,2026-03-07
INV-27049,S001,D05,2026-01-23,2026-01-29,2026-02-22,1099.59,Paid,2026-02-15,2026-02-26
INV-27442,S015,D02,2026-01-09,2026-01-15,2026-02-08,1604.11,Paid,2026-01-19,2026-02-02
INV-26719,S004,D03,2026-03-02,2026-03-05,2026-04-16,15211.31,Paid,2026-03-05,2026-03-18
INV-27343,S008,D05,2026-08-19,2026-08-20,2026-10-18,2305.05,Paid,2026-08-31,2026-09-07
INV-27364,S005,D03,2026-06-22,2026-06-25,2026-07-22,4952.3,Paid,2026-06-27,2026-06-29
INV-26530,S013,D06,30/05/2026,2026-06-04,2026-06-29,4601.76,Paid,2026-06-06,2026-06-10
INV-27371,S015,D02,2026-02-23,2026-02-28,2026-03-25,8840.19,Paid,2026-03-03,2026-03-13
INV-26059,S002,D04,2026-04-13,2026-04-15,2026-05-13,723.82,Paid,2026-04-20,2026-05-28
INV-27142,S002,D04,2026-06-05,2026-06-07,2026-07-05,2853.82,Paid,2026-06-11,2026-06-30
INV-27491,S005,D03,2026-01-29,2026-01-30,2026-02-28,18643.22,Paid,2026-02-01,2026-02-10
INV-26106,S004,D03,2026-07-12,2026-07-15,2026-08-26,24414.09,Paid,2026-07-17,2026-08-02
INV-26470,S004,D03,2026-05-25,2026-05-27,2026-07-09,25786.2,Paid,2026-05-30,2026-06-04
INV-26661,S004,D03,2026-07-11,2026-07-13,2026-08-25,7611.09,Paid,2026-07-15,2026-07-18
INV-27005,S001,D04,2026-08-15,2026-08-15,2026-09-14,1665.75,Paid,2026-08-17,2026-08-22
INV-26799,S012,D01,2026-02-17,2026-02-18,2026-04-03,31276.62,Paid,2026-02-20,2026-03-04
INV-26745,S009,D05,2026-04-16,2026-04-21,2026-05-16,28148.48,Paid,2026-05-07,2026-05-22
INV-26560,S012,D01,2026-03-25,2026-03-25,2026-05-09,10356.29,Paid,2026-03-26,2026-04-03
INV-26835,S010,D06,2026-05-05,2026-05-09,2026-05-19,874.24,Paid,2026-05-13,2026-05-20
INV-27208,S002,D04,2026-07-26,2026-07-28,2026-08-25,3144.72,Paid,2026-07-30,2026-08-26
INV-26123,S014,D02,2026-06-23,2026-06-25,2026-07-23,3010.25,Paid,2026-07-01,2026-07-12
INV-27596,S007,D04,2026-04-23,2026-04-26,2026-05-07,3861.51,Paid,2026-04-30,2026-05-06
INV-26051,S013,D06,2026-08-28,2026-08-31,2026-09-27,2520.68,Paid,2026-09-02,2026-09-19
INV-26108,S004,D03,2026-07-29,2026-08-03,2026-09-12,17154.23,Paid,2026-08-06,2026-08-10
INV-26287,S009,D05,2026-07-07,2026-07-08,2026-08-06,42484.5,Paid,2026-07-24,2026-07-27
INV-26524,S001,D06,2026-07-13,2026-07-16,2026-08-12,2376.25,Paid,2026-07-18,2026-07-25
INV-26575,S014,D05,2026-07-30,2026-08-05,2026-08-29,6407.08,Rejected,,
INV-26475,S015,D02,2026-07-13,2026-07-16,2026-08-12,1524.4,Paid,2026-07-19,2026-07-27
INV-26746,S014,D05,2026-01-15,2026-01-21,2026-02-14,5323.27,Paid,2026-01-28,2026-02-16
INV-27516,S015,D02,2026-07-10,2026-07-10,2026-08-09,10194.19,Paid,2026-07-12,2026-07-30
INV-27288,S010,D06,2026-04-03,2026-04-06,2026-04-17,4696.56,Paid,2026-04-09,2026-04-16
INV-26512,S015,D02,2026-06-19,2026-06-20,2026-07-19,14312.24,Paid,2026-06-21,2026-07-05
INV-26736,S013,D06,2026-07-11,2026-07-11,2026-08-10,2806.15,Paid,2026-07-11,2026-07-20
INV-26096,S003,D04,2026-05-25,2026-05-28,2026-06-24,1273.09,Paid,2026-05-30,2026-07-06
INV-27493,S014,D05,03/08/2026,2026-08-04,2026-09-02,7323.93,Paid,2026-08-17,2026-08-26
INV-26256,S003,D04,28/01/2026,2026-02-02,2026-02-27,4591.43,Paid,2026-02-03,2026-03-11
INV-26607,S007,D05,2026-03-05,2026-03-09,2026-03-19,407.67,Paid,2026-03-17,2026-03-31
INV-26349,S004,D03,2026-05-29,2026-06-01,2026-07-13,10048.66,Paid,2026-06-02,2026-06-07
INV-26243,S003,D04,2026-06-08,2026-06-11,2026-07-08,5523.69,Paid,2026-06-12,2026-07-12
INV-26485,S004,D03,2026-08-04,2026-08-10,2026-09-18,16824.11,Paid,2026-08-10,2026-08-30
INV-26430,S004,D03,2026-05-17,2026-05-17,2026-07-01,26632.48,Paid,2026-05-21,2026-06-02
INV-27105,S015,D02,2026-07-13,2026-07-16,2026-08-12,3875.46,Paid,2026-07-19,2026-08-06
INV-26238,S008,D05,2026-06-05,2026-06-07,2026-08-04,36062.33,Paid,2026-06-13,2026-06-24
INV-26462,S015,D02,2026-09-02,2026-09-06,2026-10-02,14007.32,Paid,2026-09-06,2026-09-13
INV-26231,S015,D02,2026-04-05,2026-04-07,2026-05-05,7420.65,Paid,2026-04-12,2026-05-02
INV-26245,S014,D04,2026-06-08,2026-06-12,2026-07-08,366.04,Paid,2026-06-13,2026-06-29
INV-26733,S010,D06,2026-07-26,2026-07-31,2026-08-09,"RM 5,071.18",Paid,2026-08-03,2026-08-22
INV-27192,S002,D04,2026-08-03,2026-08-08,2026-09-02,2959.96,Paid,2026-08-11,2026-09-20
INV-26350,S008,D05,2026-01-26,2026-01-28,2026-03-27,42335.11,Paid,2026-02-01,2026-02-03
INV-26889,S004,D03,2026-04-06,2026-04-07,2026-05-21,12517.01,Paid,2026-04-07,2026-04-19
INV-26621,S012,D01,2026-02-13,2026-02-19,2026-03-30,3080.57,Paid,2026-02-21,2026-03-05
INV-26613,S008,D05,2026-03-18,2026-03-19,2026-05-17,39992.53,Paid,2026-03-25,2026-04-12
INV-26850,S008,D05,2026-07-23,2026-07-24,2026-09-21,53358.35,Paid,2026-08-08,2026-08-15
INV-27480,S006,D06,2026-05-17,2026-05-17,2026-06-16,823.23,Paid,2026-05-17,2026-05-19
INV-26988,S003,,2026-01-19,2026-01-25,2026-02-18,6694.78,Paid,2026-01-30,2026-03-05
INV-26849,S004,D03,2026-06-24,2026-06-30,2026-08-08,36817.39,Paid,2026-07-03,2026-07-10
INV-26227,S001,D06,2026-07-28,2026-07-29,2026-08-27,1092.21,Paid,2026-08-02,2026-08-14
INV-26814,S015,D02,2026-07-12,2026-07-13,2026-08-11,3480.74,Paid,2026-07-15,2026-07-27
INV-26481,S003,D04,29/08/2026,2026-09-01,2026-09-28,2551.72,Approved,2026-09-07,
INV-26679,S010,D06,2026-04-26,2026-04-27,2026-05-10,"RM 2,848.75",Paid,2026-05-01,2026-05-18
INV-26699,S014,,2026-07-17,2026-07-20,2026-08-16,3651.82,Paid,2026-07-25,2026-07-28
INV-27554,S004,D03,2026-08-15,2026-08-15,2026-09-29,35832.16,Paid,2026-08-18,2026-08-26
INV-27272,S004,D03,2026-07-20,2026-07-23,2026-09-03,41102.69,Paid,2026-07-25,2026-07-31
INV-27199,S004,D03,2026-04-23,2026-04-29,2026-06-07,4924.35,Paid,2026-04-30,2026-05-09
INV-26909,S005,D03,2026-03-07,2026-03-11,2026-04-06,41313.31,Paid,2026-03-16,2026-03-31
INV-27333,S002,D04,19/08/2026,2026-08-25,2026-09-18,7433.31,Paid,2026-08-29,2026-09-23
INV-27200,S012,D01,2026-02-02,2026-02-02,2026-03-19,28761.93,Paid,2026-02-02,2026-02-22
INV-27434,S008,D05,2026-04-02,2026-04-02,2026-06-01,17191.68,Paid,2026-04-16,2026-05-04
INV-27262,S005,D03,2026-08-07,2026-08-09,2026-09-06,27007.95,Paid,2026-08-12,2026-08-28
INV-27558,S003,D04,2026-04-29,2026-05-01,2026-05-29,8870.8,Paid,2026-05-04,2026-06-04
INV-26390,S014,D05,2026-04-01,2026-04-06,2026-05-01,5361.41,Paid,2026-04-09,2026-04-12
INV-27507,S008,D05,30/05/2026,2026-06-05,2026-07-29,30883.72,Paid,2026-06-10,2026-06-22
INV-26765,S008,D05,2026-05-27,2026-05-28,2026-07-26,43504.3,Paid,2026-06-14,2026-06-19
INV-26342,S008,D05,2026-01-27,2026-01-31,2026-03-28,15746.25,Paid,2026-01-31,2026-02-03
INV-26233,S002,D04,2026-04-09,2026-04-14,2026-05-09,2920.8,Paid,2026-04-17,2026-05-07
INV-26604,S001,D05,2026-05-04,2026-05-06,2026-06-03,1425.37,Paid,2026-05-18,2026-05-27
INV-27220,S014,D05,2026-05-09,2026-05-11,2026-06-08,2443.98,Paid,2026-05-23,2026-06-11
INV-26676,S015,D02,2026-06-15,2026-06-21,2026-07-15,13087.18,Paid,2026-06-22,2026-06-26
INV-26414,S012,D01,2026-01-24,2026-01-27,2026-03-10,20611.16,Paid,2026-01-28,2026-01-31
INV-26450,S015,D02,2026-06-30,2026-07-03,2026-07-30,3221.85,Paid,2026-07-07,2026-07-17
INV-26876,S014,D04,2026-01-22,2026-01-27,2026-02-21,4020.76,Paid,2026-01-30,2026-02-10
INV-26351,S013,D06,2026-03-19,2026-03-19,2026-04-18,408.85,Paid,2026-03-19,2026-04-03
INV-26381,S013,D06,2026-08-31,2026-09-03,2026-09-30,4404.97,Paid,2026-09-07,2026-09-11
INV-27178,S007,D02,2026-04-15,2026-04-16,2026-04-29,3681.26,Paid,2026-04-19,2026-04-21
INV-26962,S010,D06,07/07/2026,2026-07-08,2026-07-21,2082.36,Paid,2026-07-08,2026-07-27
INV-26033,S002,D04,2026-08-07,2026-08-13,2026-09-06,3776.95,Paid,2026-08-17,2026-09-13
INV-26305,S014,D05,2026-06-07,2026-06-12,2026-07-07,6305.67,Rejected,,
INV-27304,S001,D01,2026-09-04,2026-09-09,2026-10-04,2344.54,Paid,2026-09-11,2026-09-17
INV-26944,S004,D03,26/02/2026,2026-03-02,2026-04-12,3643.6,Paid,2026-03-02,2026-03-14
INV-27346,S006,D06,2026-02-16,2026-02-18,2026-03-18,11448.28,Paid,2026-02-19,2026-03-02
INV-26946,S008,D05,2026-03-28,2026-03-31,2026-05-27,8441.87,Paid,2026-04-18,2026-04-24
INV-27228,S012,D01,2026-01-15,2026-01-21,2026-03-01,25158.44,Paid,2026-01-21,2026-02-05
INV-26034,S009,D05,2026-06-22,2026-06-27,2026-07-22,2943.16,Paid,2026-07-10,2026-07-17
INV-27095,S003,D04,2026-09-09,2026-09-10,2026-10-09,6138.64,Approved,2026-09-13,
INV-27235,S007,D04,2026-05-18,2026-05-24,2026-06-01,1518.88,Paid,2026-05-26,2026-06-01
INV-26018,S009,D05,2026-09-14,2026-09-14,2026-10-14,7362.36,Paid,2026-09-21,2026-09-23
INV-26209,S010,D06,2026-06-14,2026-06-18,2026-06-28,2787.59,Paid,2026-06-21,2026-06-30
INV-26761,S013,D06,2026-07-06,2026-07-08,2026-08-05,1632.51,Paid,2026-07-10,2026-07-21
INV-27432,S014,D05,2026-03-27,2026-03-27,2026-04-26,5963.57,Paid,2026-03-31,2026-04-17
INV-27526,S003,D04,2026-06-03,2026-06-08,2026-07-03,7088.54,Paid,2026-06-12,2026-07-13
INV-27270,S008,D05,2026-02-02,2026-02-06,2026-04-03,"RM 35,707.11",Paid,2026-02-15,2026-02-24
INV-26848,S001,D06,2026-05-28,2026-06-03,2026-06-27,1663.26,On Hold,,
INV-27430,S008,D05,11/01/2026,2026-01-12,2026-03-12,33680.06,Paid,2026-01-31,2026-02-05
INV-26536,S015,D02,2026-02-23,2026-02-28,2026-03-25,10545.84,Paid,2026-03-03,2026-03-16
INV-26308,S013,D06,2026-02-16,2026-02-21,2026-03-18,6129.36,Paid,2026-02-21,2026-02-28
INV-27353,S004,D03,2026-07-26,2026-07-29,2026-09-09,6906.78,Paid,2026-07-31,2026-08-15
INV-26810,S009,D05,2026-06-04,2026-06-06,2026-07-04,5426.73,Paid,2026-06-08,2026-06-11
INV-26364,S002,D04,2026-01-31,2026-02-06,2026-03-02,7095.51,Paid,2026-02-08,2026-03-24
INV-26251,S002,D04,06/04/2026,2026-04-11,2026-05-06,5475.29,Paid,2026-04-14,2026-05-13
INV-27303,S003,D04,2026-04-28,2026-05-03,2026-05-28,4141.09,Paid,2026-05-09,2026-06-13
INV-26276,S013,D06,2026-08-03,2026-08-07,2026-09-02,9507.89,Paid,2026-08-11,2026-08-23
INV-26986,S015,D02,2026-09-13,2026-09-13,2026-10-13,9486.65,Paid,2026-09-13,2026-09-19
INV-26878,S013,D06,2026-05-09,2026-05-14,2026-06-08,6197.47,Paid,2026-05-16,2026-06-05
INV-26191,S012,D01,2026-05-13,2026-05-14,2026-06-27,29972.71,Paid,2026-05-14,2026-06-03
INV-26751,S005,D03,2026-07-25,2026-07-31,2026-08-24,39630.71,Paid,2026-08-01,2026-08-05
INV-26400,S006,D06,2026-01-06,2026-01-08,2026-02-05,7236.28,Paid,2026-01-11,2026-01-13
INV-26318,S010,D06,2026-03-30,2026-04-05,2026-04-13,RM 438.63,Paid,2026-04-06,2026-04-24
INV-26614,S003,D04,2026-06-24,2026-06-29,2026-07-24,5766.91,Paid,2026-07-05,2026-08-05
INV-26269,S011,D01,2026-01-05,2026-01-11,2026-02-04,6760.02,Paid,2026-01-11,2026-01-21
INV-27389,S007,D02,2026-04-27,2026-05-02,2026-05-11,2701.91,Paid,2026-05-03,2026-05-17
INV-27246,S010,D06,2026-03-25,2026-03-29,2026-04-08,5547.39,Paid,2026-04-01,2026-04-13
INV-26159,S007,D02,2026-02-27,2026-03-04,2026-03-13,704.97,Paid,2026-03-07,2026-03-09
INV-27046,S012,D01,2026-03-16,2026-03-19,2026-04-30,28612.05,Paid,2026-03-20,2026-03-22
INV-27466,S004,D03,2026-08-25,2026-08-29,2026-10-09,16809.68,Paid,2026-09-02,2026-09-21
INV-27510,S015,D02,2026-09-13,2026-09-17,2026-10-13,3626.21,Approved,2026-09-19,
INV-26517,S012,D01,2026-06-16,2026-06-21,2026-07-31,3710.89,Paid,2026-06-22,2026-06-26
INV-27574,S004,D03,2026-03-30,2026-04-04,2026-05-14,6496.34,Paid,2026-04-08,2026-04-27
INV-26947,S004,D03,2026-02-17,2026-02-19,2026-04-03,2657.91,Paid,2026-02-19,2026-03-11
INV-27413,S014,D05,2026-06-20,2026-06-20,2026-07-20,2380.79,Paid,2026-06-28,2026-07-06
INV-26228,S007,D04,2026-08-14,2026-08-14,2026-08-28,2972.96,Paid,2026-08-17,2026-09-03
INV-26442,S015,D02,2026-03-25,2026-03-28,2026-04-24,6339.43,Paid,2026-03-31,2026-04-03
INV-26549,S012,D01,2026-08-27,2026-08-28,2026-10-11,8785.79,Paid,2026-08-29,2026-09-06
INV-26061,S009,D05,2026-08-26,2026-08-27,2026-09-25,25145.94,Paid,2026-09-06,2026-09-24
INV-26219,S007,D05,2026-05-10,2026-05-10,2026-05-24,2200.57,Paid,2026-05-28,2026-06-17
INV-26248,S008,D05,2026-05-29,2026-06-04,2026-07-28,17044.32,Paid,2026-06-13,2026-06-24
INV-27385,S006,D06,2026-06-09,2026-06-12,2026-07-09,"RM 1,562.29",Paid,2026-06-19,2026-06-29
INV-26888,S011,D01,02/03/2026,2026-03-03,2026-04-01,32527.16,Paid,2026-03-03,2026-03-21
INV-26137,S009,D05,23/02/2026,2026-02-23,2026-03-25,3192.4,Paid,2026-03-10,2026-03-26
INV-26782,S001,D01,2026-03-23,2026-03-28,2026-04-22,313.12,Paid,2026-03-29,2026-04-17
INV-26076,S013,D06,2026-08-17,2026-08-17,2026-09-16,727.96,Paid,2026-08-20,2026-09-03
INV-26617,S001,D01,2026-06-10,2026-06-16,2026-07-10,"RM 1,466.72",Paid,2026-06-17,2026-06-22
INV-27374,S003,D04,17/02/2026,2026-02-20,2026-03-19,5633.13,Paid,2026-02-28,2026-03-23
INV-26008,S008,D05,2026-07-28,2026-07-30,2026-09-26,37370.28,Paid,2026-07-30,2026-08-11
INV-26457,S005,D03,2026-03-15,2026-03-21,2026-04-14,35231.13,Paid,2026-03-23,2026-04-04
INV-26598,S003,D04,05/08/2026,2026-08-10,2026-09-04,5508.74,Paid,2026-08-11,2026-09-09
INV-27251,S012,D01,29/03/2026,2026-04-02,2026-05-13,10363.76,Paid,2026-04-04,2026-04-11
INV-27402,S003,D04,2026-09-22,2026-09-24,2026-10-22,1282.68,Pending Approval,,
INV-26793,S007,D04,2026-07-16,2026-07-21,2026-07-30,3046.57,Paid,2026-07-22,2026-07-31
INV-26391,S002,D04,2026-03-21,2026-03-25,2026-04-20,3975.19,Paid,2026-03-30,2026-04-26
INV-26266,S010,D06,2026-06-06,2026-06-10,2026-06-20,4538.48,Paid,2026-06-14,2026-06-28
INV-26377,S010,D06,2026-03-02,2026-03-03,2026-03-16,3198.99,Paid,2026-03-07,2026-03-10
INV-26154,S010,D06,2026-06-19,2026-06-24,2026-07-03,1537.82,Paid,2026-06-26,2026-07-06
INV-27128,S008,D05,2026-09-17,2026-09-19,2026-11-16,8635.33,Approved,2026-09-26,
INV-27035,S009,D05,18/09/2026,2026-09-20,2026-10-18,29855.05,Pending Approval,,
INV-26492,S008,D05,2026-06-25,2026-06-25,2026-08-24,24974.52,Paid,2026-07-10,2026-07-15
INV-27578,S012,D01,2026-08-20,2026-08-26,2026-10-04,10995.1,Paid,2026-08-26,2026-09-08
INV-26169,S002,D04,2026-02-16,2026-02-22,2026-03-18,6261.91,Paid,2026-02-26,2026-04-06
INV-27048,S011,D01,2026-03-30,2026-03-30,2026-04-29,9976.59,Paid,2026-03-31,2026-04-02
INV-27085,S006,D06,2026-02-26,2026-03-02,2026-03-28,"RM 9,166.85",Paid,2026-03-06,2026-03-10
INV-26103,S007,D05,2026-06-25,2026-06-30,2026-07-09,808.86,Paid,2026-07-02,2026-07-04
INV-26921,S009,D05,2026-07-06,2026-07-06,2026-08-05,40476.66,Paid,2026-07-13,2026-07-16
INV-27467,S002,D04,2026-09-04,2026-09-10,2026-10-04,1045.67,Approved,2026-09-15,
INV-26268,S001,D02,2026-06-24,2026-06-29,2026-07-24,1208.67,Paid,2026-07-04,2026-07-16
INV-26998,S005,D03,2026-07-19,2026-07-21,2026-08-18,18747.82,Paid,2026-07-23,2026-08-12
INV-26796,S003,D04,2026-02-20,2026-02-22,2026-03-22,2424.41,Paid,2026-02-26,2026-03-18
INV-26548,S008,D05,2026-05-02,2026-05-02,2026-07-01,7890.34,Paid,2026-05-07,2026-05-13
INV-26675,S007,D04,18/07/2026,2026-07-23,2026-08-01,1668.99,Paid,2026-07-30,2026-08-04
INV-27547,S014,D04,2026-04-10,2026-04-16,2026-05-10,1625.9,Paid,2026-04-20,2026-05-01
INV-26453,S015,D02,2026-03-26,2026-03-28,2026-04-25,2277.88,Paid,2026-03-31,2026-04-05
INV-26250,S014,D04,2026-04-16,2026-04-20,2026-05-16,3955.22,Paid,2026-04-21,2026-04-25
INV-26173,S015,D02,2026-07-01,2026-07-06,2026-07-31,4472.16,Paid,2026-07-08,2026-07-17
INV-26026,S013,D06,2026-05-20,2026-05-24,2026-06-19,10719.46,Paid,2026-05-28,2026-06-10
INV-27546,S012,D01,2026-03-04,2026-03-08,2026-04-18,28591.47,Paid,2026-03-08,2026-03-19
INV-26625,S013,D06,2026-04-03,2026-04-09,2026-05-03,10421.05,Paid,2026-04-13,2026-04-24
INV-26902,S003,D04,16/07/2026,2026-07-21,2026-08-15,3494.59,Paid,2026-07-28,2026-08-20
INV-26847,S001,D04,2026-06-08,2026-06-12,2026-07-08,"RM 2,445.20",Paid,2026-06-13,2026-06-30
INV-27227,S004,D03,2026-09-14,2026-09-20,2026-10-29,26971.31,Approved,2026-09-24,
INV-26327,S008,D05,02/08/2026,2026-08-08,2026-10-01,48196.06,Paid,2026-08-19,2026-09-03
INV-26127,S013,D06,2026-02-14,2026-02-17,2026-03-16,2063.85,Paid,2026-02-20,2026-03-07
INV-27457,S015,D02,2026-01-13,2026-01-17,2026-02-12,8264.33,Paid,2026-01-21,2026-02-04
INV-26856,S001,D05,2026-02-27,2026-03-05,2026-03-29,2121.35,Paid,2026-03-15,2026-03-31
INV-26494,S004,D03,2026-02-08,2026-02-12,2026-03-25,13657.43,Paid,2026-02-14,2026-02-23
INV-26217,S006,D06,2026-03-09,2026-03-09,2026-04-08,6806.77,Paid,2026-03-12,2026-03-26
INV-27368,S009,D05,2026-06-01,2026-06-02,2026-07-01,26948.57,Paid,2026-06-09,2026-06-23
INV-26566,S003,D04,2026-07-05,2026-07-11,2026-08-04,8140.8,Paid,2026-07-16,2026-08-16
INV-26546,S011,D01,2026-05-04,2026-05-10,2026-06-03,3305.82,Paid,2026-05-11,2026-05-13
INV-26211,S010,D06,2026-04-09,2026-04-13,2026-04-23,4873.62,Paid,2026-04-16,2026-04-25
INV-27090,S013,D06,03/08/2026,2026-08-06,2026-09-02,3362.87,Paid,2026-08-08,2026-08-28
INV-26427,S014,D02,2026-03-30,2026-04-02,2026-04-29,7245.35,Paid,2026-04-03,2026-04-15
INV-27345,S001,D02,2026-03-27,2026-04-01,2026-04-26,2094.83,Paid,2026-04-06,2026-04-17
INV-26477,S013,D06,2026-06-21,2026-06-26,2026-07-21,10843.45,Paid,2026-06-28,2026-07-14
INV-26741,S002,D04,2026-01-26,2026-01-26,2026-02-25,6253.5,Paid,2026-01-30,2026-02-28
INV-26437,S005,D03,2026-03-03,2026-03-03,2026-04-02,29771.52,Paid,2026-03-03,2026-03-07
INV-26336,S015,D02,2026-04-12,2026-04-18,2026-05-12,12176.32,Paid,2026-04-19,2026-04-26
INV-27361,S010,D06,2026-03-22,2026-03-23,2026-04-05,3435.66,Paid,2026-03-26,2026-04-09
INV-27517,S002,D04,2026-09-09,2026-09-12,2026-10-09,2627.77,Approved,2026-09-19,
INV-27470,S013,D06,10/02/2026,2026-02-16,2026-03-12,3941.21,Paid,2026-02-17,2026-02-26
INV-26660,S011,D01,2026-01-14,2026-01-14,2026-02-13,17496.02,Paid,2026-01-15,2026-02-04
INV-27094,S003,D04,18/07/2026,2026-07-24,2026-08-17,336.44,Paid,2026-07-30,2026-09-08
INV-26141,S005,D03,2026-06-25,2026-06-25,2026-07-25,21883.58,Paid,2026-06-25,2026-07-05
INV-26712,S006,D06,2026-05-02,2026-05-04,2026-06-01,10331.19,Paid,2026-05-06,2026-05-13
INV-26968,S012,D01,02/06/2026,2026-06-04,2026-07-17,8299.81,Paid,2026-06-06,2026-06-23
INV-26309,S009,D05,2026-05-27,2026-05-27,2026-06-26,46621.84,Rejected,,
INV-27539,S011,D01,2026-08-26,2026-08-28,2026-09-25,20236.79,Paid,2026-08-31,2026-09-18
INV-27007,S001,D05,28/01/2026,2026-01-31,2026-02-27,161.11,Paid,2026-02-09,2026-02-19
INV-26636,S010,D06,2026-08-20,2026-08-25,2026-09-03,4262.32,Paid,2026-08-28,2026-09-15
INV-26028,S010,D06,2026-03-11,2026-03-12,2026-03-25,3381.8,Paid,2026-03-16,2026-03-18
INV-27215,S002,D04,2026-03-25,2026-03-29,2026-04-24,6575.33,Rejected,,
INV-27134,S012,D01,2026-04-25,2026-05-01,2026-06-09,9819.77,Paid,2026-05-03,2026-05-11
INV-26783,S007,D02,2026-02-26,2026-03-03,2026-03-12,836.66,Paid,2026-03-06,2026-03-22
INV-27222,S012,D01,2026-07-12,2026-07-18,2026-08-26,12939.94,Paid,2026-07-19,2026-07-21
INV-26411,S004,D03,2026-06-25,2026-06-27,2026-08-09,3687.58,Paid,2026-07-02,2026-07-15
INV-26367,S010,D06,2026-06-26,2026-07-01,2026-07-10,5151.39,Paid,2026-07-03,2026-07-15
INV-26040,S005,D03,2026-08-02,2026-08-07,2026-09-01,33718.36,Paid,2026-08-12,2026-08-20
INV-26205,S001,,2026-07-06,2026-07-08,2026-08-05,251.81,Paid,2026-07-11,2026-07-29
INV-26505,S009,D05,11/06/2026,2026-06-13,2026-07-11,9385.56,Paid,2026-06-22,2026-06-29
INV-26286,S010,D06,2026-07-29,2026-08-03,2026-08-12,1155.64,Paid,2026-08-07,2026-08-20
INV-26067,S006,D06,2026-07-23,2026-07-26,2026-08-22,753.1,Paid,2026-07-27,2026-08-10
INV-26658,S014,D04,2026-02-25,2026-03-03,2026-03-27,6616.24,Paid,2026-03-08,2026-03-10
INV-26513,S009,D05,2026-05-18,2026-05-19,2026-06-17,53687.87,Paid,2026-05-30,2026-06-15
INV-27473,S010,D06,2026-06-04,2026-06-04,2026-06-18,2646.13,Paid,2026-06-05,2026-06-19
INV-26821,S011,D01,2026-07-02,2026-07-07,2026-08-01,20695.14,Paid,2026-07-10,2026-07-20
INV-26860,S015,D02,31/01/2026,2026-02-05,2026-03-02,13567.31,Paid,2026-02-06,2026-02-26
INV-26149,S013,D06,2026-09-03,2026-09-03,2026-10-03,7875.22,Paid,2026-09-04,2026-09-22
INV-26382,S003,D04,2026-04-10,2026-04-13,2026-05-10,650.08,Paid,2026-04-19,2026-05-06
INV-27348,S002,D04,2026-06-18,2026-06-20,2026-07-18,4515.53,Paid,2026-06-20,2026-07-22
INV-26403,S015,D02,2026-02-06,2026-02-07,2026-03-08,6268.1,Paid,2026-02-09,2026-02-26
INV-27027,S012,D01,01/01/2026,2026-01-03,2026-02-15,34918.32,Paid,2026-01-04,2026-01-06
INV-26035,S010,D06,2026-03-28,2026-04-02,2026-04-11,4851.08,Paid,2026-04-07,2026-04-11
INV-26193,S012,D01,28/07/2026,2026-08-03,2026-09-11,19976.19,Paid,2026-08-03,2026-08-17
INV-26506,S010,D06,2026-03-01,2026-03-06,2026-03-15,622.65,Paid,2026-03-10,2026-03-25
INV-27042,S010,D06,08/03/2026,2026-03-11,2026-03-22,5773.57,Paid,2026-03-14,2026-03-31
INV-26121,S013,D06,2026-08-17,2026-08-22,2026-09-16,8705.81,Paid,2026-08-23,2026-08-30
INV-26115,S004,D03,2026-07-01,2026-07-03,2026-08-15,26397.37,Paid,2026-07-08,2026-07-28
INV-27440,S011,D01,2026-08-10,2026-08-16,2026-09-09,18271.14,Paid,2026-08-18,2026-09-03
INV-26572,S004,D03,2026-07-25,2026-07-27,2026-09-08,3636.19,Paid,2026-07-30,2026-08-04
INV-26405,S014,D04,18/06/2026,2026-06-24,2026-07-18,2713.16,Paid,2026-06-26,2026-07-10
INV-26762,S009,D05,09/02/2026,2026-02-09,2026-03-11,29258.75,On Hold,,
INV-26446,S008,D05,2026-06-30,2026-06-30,2026-08-29,31782.58,Paid,2026-07-16,2026-07-28
INV-27255,S006,D06,2026-08-20,2026-08-24,2026-09-19,3368.82,Rejected,,
INV-26223,S012,D01,2026-02-26,2026-02-28,2026-04-12,11406.48,Paid,2026-03-02,2026-03-19
INV-26088,S002,D04,2026-05-26,2026-05-31,2026-06-25,5550.77,Paid,2026-06-05,2026-07-16
INV-26039,S001,D05,2026-03-29,2026-04-01,2026-04-28,1504.22,Paid,2026-04-12,2026-04-26
INV-26991,S011,D01,2026-06-12,2026-06-13,2026-07-12,29091.4,Paid,2026-06-15,2026-06-18
INV-27017,S014,D02,2026-01-09,2026-01-09,2026-02-08,645.33,Paid,2026-01-13,2026-01-22
INV-26003,S010,D06,2026-06-20,2026-06-22,2026-07-04,3259.03,Paid,2026-06-22,2026-07-12
INV-26027,S013,D06,2026-04-04,2026-04-06,2026-05-04,10427.83,Paid,2026-04-10,2026-04-20
INV-26409,S007,D04,2026-06-24,2026-06-28,2026-07-08,1589.54,Paid,2026-06-30,2026-07-04
INV-26459,S005,D03,11/03/2026,2026-03-17,2026-04-10,11257.37,Paid,2026-03-17,2026-03-26
INV-27476,S007,D02,15/04/2026,2026-04-21,2026-04-29,3876.76,Paid,2026-04-24,2026-05-02
INV-26132,S006,D06,08/01/2026,2026-01-12,2026-02-07,8915.47,Paid,2026-01-14,2026-01-24
INV-27431,S009,D05,2026-02-22,2026-02-27,2026-03-24,12353.26,Paid,2026-03-05,2026-03-10
INV-27373,S013,D06,2026-03-06,2026-03-06,2026-04-05,3142.59,Paid,2026-03-11,2026-03-21
INV-26837,S004,D03,2026-09-06,2026-09-07,2026-10-21,14719.98,Paid,2026-09-09,2026-09-25
INV-27306,S011,D01,2026-08-29,2026-08-31,2026-09-28,34539.52,Paid,2026-09-03,2026-09-21
INV-26445,S003,D04,2026-03-25,2026-03-30,2026-04-24,1225.44,Paid,2026-04-04,2026-05-06
INV-26893,S009,D05,01/01/2026,2026-01-07,2026-01-31,32869.09,Paid,2026-01-17,2026-01-21
INV-27242,S002,D04,2026-06-25,2026-06-27,2026-07-25,4621.61,Paid,2026-06-28,2026-07-30
INV-26606,S004,D03,2026-08-10,2026-08-16,2026-09-24,38620.09,Paid,2026-08-17,2026-08-27
INV-26020,S008,D05,2026-05-05,2026-05-08,2026-07-04,45951.08,Paid,2026-05-20,2026-05-25
INV-27387,S006,D06,2026-02-13,2026-02-14,2026-03-15,4799.68,Paid,2026-02-18,2026-03-07
INV-26312,S006,D06,2026-02-08,2026-02-12,2026-03-10,10563.74,Paid,2026-02-15,2026-03-05
INV-26720,S009,D05,2026-07-01,2026-07-06,2026-07-31,56821.96,Paid,2026-07-09,2026-07-15
INV-26930,S012,D01,2026-05-17,2026-05-17,2026-07-01,3219.41,Paid,2026-05-18,2026-06-01
INV-26626,S013,D06,2026-01-31,2026-02-01,2026-03-02,4987.61,Paid,2026-02-06,2026-02-22
INV-27079,S001,D03,2026-04-30,2026-05-06,2026-05-30,1366.02,Paid,2026-05-12,2026-05-21
INV-27512,S012,D01,2026-08-15,2026-08-16,2026-09-29,28054.93,Paid,2026-08-18,2026-08-27
INV-27268,S010,D06,2026-04-01,2026-04-01,2026-04-15,4588.11,Paid,2026-04-02,2026-04-15
INV-26922,S009,D05,2026-04-18,2026-04-19,2026-05-18,54450.75,Paid,2026-05-02,2026-05-12
INV-27312,S011,D01,2026-07-31,2026-08-04,2026-08-30,12724.24,Paid,2026-08-06,2026-08-14
INV-26048,S015,D02,2026-05-19,2026-05-21,2026-06-18,7871.11,Paid,2026-05-26,2026-05-31
INV-26692,S015,D02,31/05/2026,2026-06-05,2026-06-30,11160.58,Paid,2026-06-06,2026-06-25
INV-27410,S006,D06,2026-07-28,2026-07-31,2026-08-27,6193.68,Paid,2026-08-05,2026-08-20
INV-27540,S007,D02,2026-06-11,2026-06-12,2026-06-25,2745.19,Paid,2026-06-15,2026-06-30
INV-26748,S011,D01,2026-05-24,2026-05-24,2026-06-23,11595.63,Paid,2026-05-24,2026-05-31
INV-26015,S004,D03,2026-07-27,2026-07-31,2026-09-10,32477.08,Paid,2026-08-01,2026-08-13
INV-27363,S012,D01,23/02/2026,2026-03-01,2026-04-09,26418.27,Paid,2026-03-03,2026-03-17
INV-27188,S001,D04,2026-01-30,2026-02-02,2026-03-01,203.59,Paid,2026-02-06,2026-02-13
INV-27427,S011,D01,01/01/2026,2026-01-02,2026-01-31,15042.49,Paid,2026-01-02,2026-01-07
INV-26635,S003,D04,2026-05-04,2026-05-09,2026-06-03,8079.47,Paid,2026-05-12,2026-06-16
INV-27062,S011,D01,2026-06-30,2026-06-30,2026-07-30,31813.25,Paid,2026-07-02,2026-07-19
INV-26153,S010,D06,2026-02-28,2026-03-01,2026-03-14,2805.5,Paid,2026-03-02,2026-03-05
INV-26790,S007,,2026-01-06,2026-01-12,2026-01-20,1851.18,Paid,2026-01-12,2026-01-20
INV-27592,S009,D05,03/05/2026,2026-05-04,2026-06-02,57126.51,Paid,2026-05-14,2026-05-16
INV-26652,S006,D06,2026-07-31,2026-07-31,2026-08-30,7100.02,Paid,2026-08-04,2026-08-17
INV-27093,S012,D01,2026-05-30,2026-05-30,2026-07-14,28898.25,Paid,2026-05-31,2026-06-17
INV-26567,S015,D02,2026-02-04,2026-02-08,2026-03-06,8312.11,Rejected,,
INV-26620,S006,D06,2026-02-09,2026-02-11,2026-03-11,1539.34,On Hold,,
INV-26071,S004,D03,2026-05-20,2026-05-23,2026-07-04,40659.95,Paid,2026-05-27,2026-06-05
INV-27109,S001,D04,2026-01-28,2026-02-02,2026-02-27,520.7,Paid,2026-02-06,2026-02-20
INV-27458,S008,D05,22/08/2026,2026-08-25,2026-10-21,33439.08,Approved,2026-09-13,
INV-26358,S008,D05,2026-05-14,2026-05-19,2026-07-13,25511.44,Paid,2026-05-27,2026-05-29
INV-27573,S015,D02,04/04/2026,2026-04-04,2026-05-04,7520.04,Paid,2026-04-05,2026-04-20
INV-26501,S008,D05,2026-06-26,2026-06-28,2026-08-25,43237.19,Paid,2026-07-15,2026-07-20
INV-26144,S015,D02,22/06/2026,2026-06-22,2026-07-22,5336.3,On Hold,,
INV-26875,S005,D03,2026-02-03,2026-02-03,2026-03-05,18719.5,Paid,2026-02-04,2026-02-06
INV-26623,S005,D03,06/08/2026,2026-08-11,2026-09-05,36652.21,Paid,2026-08-11,2026-08-23
INV-27283,S008,D05,2026-05-30,2026-06-05,2026-07-29,"RM 5,547.01",Paid,2026-06-21,2026-07-11
INV-27159,S015,D02,2026-01-10,2026-01-15,2026-02-09,11312.92,Paid,2026-01-16,2026-02-04
INV-26553,S005,D03,2026-08-15,2026-08-21,2026-09-14,33648.01,Paid,2026-08-22,2026-09-01
INV-26588,S015,D02,2026-04-17,2026-04-22,2026-05-17,10717.16,Paid,2026-04-24,2026-05-01
INV-27365,S001,D05,2026-04-24,2026-04-30,2026-05-24,2438.5,Paid,2026-05-07,2026-05-23
INV-27419,S015,D02,2026-08-24,2026-08-28,2026-09-23,4748.29,Paid,2026-09-01,2026-09-21
INV-26043,S001,,2026-03-16,2026-03-19,2026-04-15,1378.47,Paid,2026-03-22,2026-03-24
INV-26723,S002,D04,2026-03-30,2026-03-30,2026-04-29,1088.7,Paid,2026-03-31,2026-05-12
INV-26785,S011,D01,2026-01-01,2026-01-04,2026-01-31,12494.63,Paid,2026-01-06,2026-01-23
INV-26057,S005,D03,2026-04-17,2026-04-20,2026-05-17,12166.6,Paid,2026-04-23,2026-05-07
INV-27392,S001,D05,2026-06-13,2026-06-13,2026-07-13,2317.2,Paid,2026-06-25,2026-07-07
INV-26729,S014,D02,2026-04-17,2026-04-19,2026-05-17,4180.52,Paid,2026-04-23,2026-04-29
INV-26966,S004,D03,21/09/2026,2026-09-22,2026-11-05,16474.63,Approved,2026-09-26,
INV-26138,S009,D05,31/01/2026,2026-02-05,2026-03-02,33371.65,Paid,2026-02-06,2026-02-25
INV-27002,S012,D01,2026-01-31,2026-02-02,2026-03-17,12428.01,Paid,2026-02-03,2026-02-06
INV-26478,S004,D03,2026-03-05,2026-03-11,2026-04-19,33960.17,Paid,2026-03-12,2026-03-29
INV-27401,S002,D04,2026-08-18,2026-08-20,2026-09-17,2783.82,Paid,2026-08-21,2026-09-18
INV-26068,S013,D06,07/07/2026,2026-07-13,2026-08-06,332.64,Paid,2026-07-18,2026-08-05
INV-26872,S004,D03,2026-03-30,2026-04-03,2026-05-14,32593.43,Paid,2026-04-05,2026-04-11
INV-26408,S013,D06,2026-04-11,2026-04-11,2026-05-11,11746.68,Paid,2026-04-14,2026-04-30
INV-26710,S009,D05,22/02/2026,2026-02-28,2026-03-24,33607.81,Paid,2026-03-11,2026-03-16
INV-26927,S008,D05,2026-09-16,2026-09-18,2026-11-15,25887.46,Pending Approval,,
INV-26556,S004,D03,2026-08-29,2026-09-02,2026-10-13,2775.36,Paid,2026-09-03,2026-09-08
INV-26130,S015,D02,2026-02-26,2026-02-27,2026-03-28,7198.35,Paid,2026-03-02,2026-03-10
INV-27586,S009,D05,03/06/2026,2026-06-04,2026-07-03,41333.64,Paid,2026-06-09,2026-06-13
INV-26425,S015,D02,20/08/2026,2026-08-23,2026-09-19,13499.77,Paid,2026-08-24,2026-08-27
INV-26275,S011,D01,2026-05-25,2026-05-25,2026-06-24,9914.96,Paid,2026-05-28,2026-06-03
INV-27120,S001,D01,2026-01-25,2026-01-31,2026-02-24,1169.55,Paid,2026-02-01,2026-02-09
INV-26389,S014,D02,2026-01-22,2026-01-26,2026-02-21,6962.78,Paid,2026-01-27,2026-02-08
INV-27238,S008,D05,2026-06-19,2026-06-20,2026-08-18,51233.04,Paid,2026-06-26,2026-07-05
INV-26550,S001,D04,2026-02-05,2026-02-06,2026-03-07,1709.57,Paid,2026-02-07,2026-02-15
INV-26428,S012,D01,27/01/2026,2026-01-30,2026-03-13,11263.33,Paid,2026-02-01,2026-02-20
INV-26937,S014,D02,2026-09-22,2026-09-23,2026-10-22,6187.99,Approved,2026-09-24,
INV-26310,S010,D06,03/07/2026,2026-07-05,2026-07-17,1642.42,Paid,2026-07-07,2026-07-14
INV-27443,S015,D02,2026-01-25,2026-01-29,2026-02-24,11431.99,Paid,2026-02-01,2026-02-13
INV-26980,S009,D05,2026-05-04,2026-05-10,2026-06-03,18303.05,Paid,2026-05-22,2026-05-27
INV-27103,S010,D06,2026-05-05,2026-05-09,2026-05-19,5819.04,Paid,2026-05-13,2026-05-16
INV-27230,S012,D01,31/01/2026,2026-02-01,2026-03-17,31857.42,Paid,2026-02-04,2026-02-17
INV-27393,S003,D04,2026-08-07,2026-08-13,2026-09-06,7800.4,Paid,2026-08-19,2026-09-20
INV-27202,S001,D05,2026-02-13,2026-02-17,2026-03-15,1371.43,Paid,2026-03-06,2026-03-14
INV-26600,S011,D01,2026-06-29,2026-07-02,2026-07-29,26436.17,Paid,2026-07-03,2026-07-17
INV-26842,S004,D03,2026-09-18,2026-09-19,2026-11-02,37679.25,Approved,2026-09-21,
INV-26328,S001,D06,2026-01-22,2026-01-26,2026-02-21,244.51,Paid,2026-01-30,2026-02-04
INV-26210,S013,D06,2026-06-09,2026-06-15,2026-07-09,3277.07,Paid,2026-06-16,2026-06-19
